Date,Open,Close
2012-05-18,41.6839,37.8972
2012-05-21,36.212,33.7338
2012-05-22,32.3261,30.7301
2012-05-23,31.0969,31.7214
2012-05-24,32.6632,32.7425
2012-05-25,32.6136,31.6322
2012-05-29,31.206,28.5889
2012-05-30,28.4502,27.9446
2012-05-31,28.3015,29.3423
2012-06-01,28.6385,27.4787
2012-06-04,26.9632,26.6658
2012-06-05,26.4676,25.6448
2012-06-06,25.8431,26.5766
2012-06-07,26.765,26.081
2012-06-08,26.3189,26.8641
2012-06-11,26.9434,26.7749
2012-06-12,27.2408,27.1615
2012-06-13,27.4192,27.0326
2012-06-14,27.4093,28.0437
2012-06-15,28.2618,29.7488
2012-06-18,29.6992,31.1366
2012-06-19,31.2654,31.6322
2012-06-20,31.6421,31.3249
2012-06-21,31.3943,31.5628
2012-06-22,32.1279,32.7623
2012-06-25,32.5739,31.7809
2012-06-26,32.4054,32.8119
2012-06-27,32.1774,31.9494
2012-06-28,31.6818,31.087
2012-06-29,31.6421,30.8293
2012-07-02,30.978,30.5021
2012-07-03,30.6409,30.9284
2012-07-05,31.0474,31.1961
2012-07-06,31.1663,31.4538
2012-07-09,31.8206,31.89
2012-07-10,32.1477,31.1961
2012-07-11,31.206,30.7004
2012-07-12,30.4328,30.5418
2012-07-13,30.7698,30.4526
2012-07-16,30.2345,28.0041
2012-07-17,28.2321,27.8455
2012-07-18,28.0636,28.8566
2012-07-19,29.154,28.7476
2012-07-20,28.7476,28.5096
2012-07-23,27.8752,28.4997
2012-07-24,28.5691,28.2023
2012-07-25,28.1429,29.0846
2012-07-26,27.5084,26.6163
2012-07-27,22.9881,23.5036
2012-07-30,23.7911,22.9485
2012-07-31,23.1666,21.521
2012-08-01,21.3128,20.6982
2012-08-02,20.5892,19.8655
2012-08-03,20.1828,20.9064
2012-08-06,21.2038,21.7292
2012-08-07,22.0067,20.5396
2012-08-08,20.5297,20.5396
2012-08-09,20.5694,20.8271
2012-08-10,21.2236,21.6201
2012-08-13,21.9572,21.412
2012-08-14,21.2236,20.2026
2012-08-15,20.4603,21.0155
2012-08-16,20.2621,19.697
2012-08-17,19.8358,18.8842
2012-08-20,18.8842,19.8358
2012-08-21,19.4096,18.9932
2012-08-22,19.1915,19.2708
2012-08-23,19.3303,19.2708
2012-08-24,19.3501,19.241
2012-08-27,19.3203,18.9833
2012-08-28,18.9337,19.1716
2012-08-29,19.1518,18.9337
2012-08-30,19.1023,18.9238
2012-08-31,18.5174,17.9028
2012-09-04,17.9226,17.5757
2012-09-05,18.111,18.4183
2012-09-06,18.5769,18.795
2012-09-07,18.9337,18.8148
2012-09-10,18.8941,18.6463
2012-09-11,18.7553,19.2609
2012-09-12,20.5793,20.7478
2012-09-13,20.7775,20.5297
2012-09-14,20.9461,21.8085
2012-09-17,22.4727,21.3327
2012-09-18,21.412,21.6796
2012-09-19,21.7986,23.0873
2012-09-20,22.8196,22.3934
2012-09-21,22.77,22.661
2012-09-24,21.5904,20.609
2012-09-25,21.0155,20.1035
2012-09-26,19.9746,20.4405
2012-09-27,20.8073,20.1431
2012-09-28,20.3909,21.4714
2012-10-01,21.8878,21.7986
2012-10-02,21.8878,22.0761
2012-10-03,22.1059,21.64
2012-10-04,22.1257,21.7589
2012-10-05,21.3029,20.728
2012-10-08,20.2224,20.2224
2012-10-09,20.2125,20.0539
2012-10-10,19.7565,19.469
2012-10-11,19.7069,19.5781
2012-10-12,19.5781,19.3501
2012-10-15,19.5087,19.3501
2012-10-16,19.5087,19.3104
2012-10-17,19.3303,19.7069
2012-10-18,19.5285,18.8148
2012-10-19,18.8346,18.8346
2012-10-22,19.0329,19.1518
2012-10-23,19.0824,19.3302
2012-10-24,23.9199,23.0278
2012-10-25,23.0873,22.3636
2012-10-26,22.205,21.749
2012-10-31,20.6388,20.9262
2012-11-01,20.8965,21.0254
2012-11-02,21.0749,20.9956
2012-11-05,20.9163,21.065
2012-11-06,21.0551,20.9857
2012-11-07,20.6685,20.2918
2012-11-08,20.3414,19.816
2012-11-09,19.7862,19.0428
2012-11-12,18.9833,19.8953
2012-11-13,19.4393,19.6871
2012-11-14,19.925,22.1654
2012-11-15,22.1455,21.977
2012-11-16,22.0563,23.3549
2012-11-19,23.7514,22.7205
2012-11-20,22.5321,22.8989
2012-11-21,23.0179,24.1083
2012-11-23,24.366,23.7911
2012-11-26,24.7229,25.7142
2012-11-27,25.8133,25.9224
2012-11-28,25.7142,26.1305
2012-11-29,26.2693,27.0822
2012-11-30,27.0227,27.7563
2012-12-03,27.7563,26.8046
2012-12-04,26.8244,27.221
2012-12-05,27.5084,27.4688
2012-12-06,27.439,26.7352
2012-12-07,26.8344,27.2507
2012-12-10,26.9335,27.5977
2012-12-11,27.8256,27.7364
2012-12-12,27.7563,27.3399
2012-12-13,27.3498,27.9942
2012-12-14,27.9347,26.5766
2012-12-17,26.537,26.5171
2012-12-18,26.7253,27.4688
2012-12-19,27.5877,27.1714
2012-12-20,27.2507,27.1218
2012-12-21,26.4279,26.0314
2012-12-24,26.2693,26.6956
2012-12-26,26.7947,26.2792
2012-12-27,26.3189,25.8232
2012-12-28,25.2582,25.6845
2012-12-31,25.9719,26.3883
2013-01-02,27.2011,27.7563
2013-01-03,27.6373,27.5283
2013-01-04,27.7662,28.5096
2013-01-07,28.4402,29.1639
2013-01-08,29.2531,28.807
2013-01-09,29.4117,30.3237
2013-01-10,30.3336,31.0275
2013-01-11,31.0077,31.4439
2013-01-14,31.8007,30.6806
2013-01-15,30.3733,29.838
2013-01-16,29.947,29.5902
2013-01-17,29.8182,29.8776
2013-01-18,30.0461,29.4018
2013-01-22,29.491,30.4625
2013-01-23,30.8293,30.5517
2013-01-24,30.9978,30.8094
2013-01-25,31.1366,31.2654
2013-01-28,31.6025,32.1874
2013-01-29,31.7214,30.522
2013-01-30,30.7103,30.9681
2013-01-31,28.8962,30.7103
2013-02-01,30.7401,29.4712
2013-02-04,28.807,27.8653
2013-02-05,28.014,28.3907
2013-02-06,28.4898,28.7971
2013-02-07,28.8566,28.4006
2013-02-08,28.6385,28.3015
2013-02-11,28.3609,28.014
2013-02-12,27.4291,27.1317
2013-02-13,27.1218,27.667
2013-02-14,27.7761,28.2519
2013-02-15,28.2717,28.0735
2013-02-19,27.9843,28.6782
2013-02-20,28.6683,28.2123
2013-02-21,28.0338,27.0425
2013-02-22,27.3796,26.8938
2013-02-25,26.9236,27.0326
2013-02-26,27.1218,27.1516
2013-02-27,27.102,26.6361
2013-02-28,26.6064,27.0128
2013-03-01,26.8145,27.5382
2013-03-04,27.5183,27.4787
2013-03-05,27.6373,27.2804
2013-03-06,27.8554,27.211
2013-03-07,27.33,28.3312
2013-03-08,28.1825,27.7166
2013-03-11,27.7662,27.895
2013-03-12,27.8554,27.5877
2013-03-13,27.3796,26.8443
2013-03-14,26.8641,26.8046
2013-03-15,26.7947,26.418
2013-03-18,26.1404,26.2594
2013-03-19,26.2991,26.3189
2013-03-20,26.4477,25.6349
2013-03-21,25.4366,25.5159
2013-03-22,25.5754,25.506
2013-03-25,25.5258,24.9112
2013-03-26,24.8617,24.9905
2013-03-27,24.7824,25.8629
2013-03-28,25.8629,25.3573
2013-04-01,25.4069,25.3078
2013-04-02,25.5457,25.1987
2013-04-03,25.6051,26.0215
2013-04-04,26.3883,26.8344
2013-04-05,26.6262,27.1516
2013-04-08,26.9533,26.6163
2013-04-09,26.3486,26.3585
2013-04-10,26.7749,27.33
2013-04-11,27.2408,27.7761
2013-04-12,27.7563,27.1615
2013-04-15,26.9236,26.2891
2013-04-16,26.5766,26.6857
2013-04-17,26.418,26.3982
2013-04-18,26.5865,25.4664
2013-04-19,25.397,25.506
2013-04-22,25.5853,25.7439
2013-04-23,25.9918,25.7538
2013-04-24,25.7043,25.8827
2013-04-25,25.8431,25.9124
2013-04-26,26.3684,26.6163
2013-04-29,26.9236,26.7451
2013-04-30,26.8938,27.5283
2013-05-01,27.6076,27.1912
2013-05-02,27.7662,28.7178
2013-05-03,28.7872,28.0636
2013-05-06,28.0834,27.33
2013-05-07,27.3102,26.6559
2013-05-08,26.646,26.8839
2013-05-09,26.8443,26.8046
2013-05-10,26.9037,26.4477
2013-05-13,26.3684,26.5865
2013-05-14,26.6559,26.8344
2013-05-15,26.6857,26.3684
2013-05-16,26.2495,25.9025
2013-05-17,26.1702,26.0215
2013-05-20,25.9521,25.5358
2013-05-21,25.6448,25.4366
2013-05-22,25.4267,24.941
2013-05-23,24.5841,24.8419
2013-05-24,24.7526,24.0984
2013-05-28,24.3264,23.8902
2013-05-29,23.5829,23.117
2013-05-30,23.9199,24.3363
2013-05-31,24.4156,24.138
2013-06-03,24.0587,23.6424
2013-06-04,23.682,23.3153
2013-06-05,23.1467,22.7007
2013-06-06,22.7899,22.77
2013-06-07,22.8295,23.0873
2013-06-10,23.8506,24.1182
2013-06-11,23.8208,23.8208
2013-06-12,23.9497,23.5631
2013-06-13,23.5135,23.5234
2013-06-14,23.3549,23.4243
2013-06-17,23.7019,23.8109
2013-06-18,23.8803,23.9992
2013-06-19,23.9893,24.0984
2013-06-20,24.0686,23.6919
2013-06-21,24.3759,24.3165
2013-06-24,23.7415,23.7316
2013-06-25,23.9299,24.0389
2013-06-26,24.2966,23.9497
2013-06-27,24.029,24.4453
2013-06-28,24.4652,24.6634
2013-07-01,24.7526,24.594
2013-07-02,24.485,24.1975
2013-07-03,24.0092,24.3066
2013-07-05,24.4354,24.1579
2013-07-08,24.257,24.4949
2013-07-09,24.8518,25.2582
2013-07-10,25.3573,25.5754
2013-07-11,25.734,25.5853
2013-07-12,25.5159,25.6845
2013-07-15,25.7043,26.0512
2013-07-16,26.1603,26.0909
2013-07-17,26.1404,26.418
2013-07-18,26.5171,25.9521
2013-07-19,25.5952,25.6547
2013-07-22,25.7638,25.8232
2013-07-23,25.8728,25.9025
2013-07-24,26.0909,26.2792
2013-07-25,33.248,34.0609
2013-07-26,33.476,33.7139
2013-07-29,33.7734,35.1216
2013-07-30,35.3397,37.3024
2013-07-31,37.6296,36.4797
2013-08-01,36.9753,37.1636
2013-08-02,37.3322,37.7188
2013-08-05,38.0955,38.8488
2013-08-06,38.7695,38.2144
2013-08-07,38.2739,38.5316
2013-08-08,38.7894,38.2045
2013-08-09,38.2541,38.1649
2013-08-12,37.8675,37.8873
2013-08-13,37.9071,36.6977
2013-08-14,36.5094,36.331
2013-08-15,36.0435,36.2417
2013-08-16,36.6482,36.7572
2013-08-19,37.1042,37.4809
2013-08-20,38.0162,38.0756
2013-08-21,38.0459,37.9864
2013-08-22,38.036,38.2144
2013-08-23,38.6605,40.197
2013-08-26,40.544,40.9801
2013-08-27,40.3259,39.2949
2013-08-28,39.6121,40.197
2013-08-29,40.534,40.9207
2013-08-30,41.6542,40.9306
2013-09-03,41.4758,41.5055
2013-09-04,41.6443,41.4163
2013-09-05,41.4262,42.2886
2013-09-06,42.7149,43.5674
2013-09-09,43.9738,43.6566
2013-09-10,43.8549,43.2204
2013-09-11,43.0123,44.6479
2013-09-12,45.1337,44.3604
2013-09-13,44.6479,43.9243
2013-09-16,44.4596,42.1399
2013-09-17,42.13,44.6777
2013-09-18,44.4497,44.8363
2013-09-19,45.1138,45.5797
2013-09-20,45.9168,47.0766
2013-09-23,46.8684,46.7792
2013-09-24,48.0877,48.0282
2013-09-25,48.8014,49.0294
2013-09-26,49.5747,49.9514
2013-09-27,49.8522,50.794
2013-09-30,49.7035,49.7927
2013-10-01,49.535,49.9811
2013-10-02,49.6936,49.8423
2013-10-03,50.0307,48.7519
2013-10-04,49.3367,50.5957
2013-10-07,50.2884,50.0802
2013-10-08,50.1595,46.7296
2013-10-09,46.9676,46.3629
2013-10-10,47.4533,48.623
2013-10-11,48.7519,48.6825
2013-10-14,47.8895,49.079
2013-10-15,49.5548,49.0691
2013-10-16,49.6044,50.6948
2013-10-17,50.675,51.7555
2013-10-18,53.7084,53.748
2013-10-21,54.204,53.3812
2013-10-22,53.8571,52.2214
2013-10-23,51.2995,51.4482
2013-10-24,51.924,51.9934
2013-10-25,52.7171,51.4978
2013-10-28,51.0913,49.7927
2013-10-29,50.2884,48.97
2013-10-30,49.5647,48.5834
2013-10-31,46.7495,49.7729
2013-11-01,50.4073,49.3169
2013-11-04,48.9402,47.8002
2013-11-05,47.374,49.6738
2013-11-06,49.8225,48.6924
2013-11-07,48.8114,47.146
2013-11-08,47.3938,47.1162
2013-11-11,46.6305,45.7978
2013-11-12,45.5996,46.2043
2013-11-13,45.8276,48.286
2013-11-14,48.2761,48.5635
2013-11-15,48.6825,48.5834
2013-11-18,48.0481,45.431
2013-11-19,45.8573,45.9564
2013-11-20,46.2043,46.0258
2013-11-21,46.5809,46.2935
2013-11-22,46.6305,45.8276
2013-11-25,45.9564,44.4298
2013-11-26,44.2712,45.4905
2013-11-27,45.5698,46.0853
2013-11-29,46.343,46.6008
2013-12-02,46.4917,46.6503
2013-12-03,46.343,46.3232
2013-12-04,46.0556,48.1968
2013-12-05,47.7309,47.9192
2013-12-06,48.5536,47.5227
2013-12-09,47.6714,48.4148
2013-12-10,48.2166,49.8126
2013-12-11,50.11,48.9501
2013-12-12,50.6056,51.3788
2013-12-13,51.2103,52.8558
2013-12-16,52.7865,53.3416
2013-12-17,54.2833,54.3824
2013-12-18,54.3824,55.0863
2013-12-19,53.8571,54.5708
2013-12-20,54.4518,54.6402
2013-12-23,55.0169,57.2671
2013-12-24,57.7628,57.4554
2013-12-26,57.8123,57.2275
2013-12-27,56.9796,54.9574
2013-12-30,54.4518,53.2425
2013-12-31,53.6489,54.1743
2014-01-02,54.3527,54.2337
2014-01-03,54.541,54.085
2014-01-06,53.9463,56.7021
2014-01-07,57.1977,57.4158
2014-01-08,57.0986,57.7231
2014-01-09,58.1394,56.7219
2014-01-10,56.6327,57.4356
2014-01-13,57.4059,55.4233
2014-01-14,55.9685,57.2374
2014-01-15,57.4753,57.0986
2014-01-16,56.7615,56.6922
2014-01-17,56.8012,55.8099
2014-01-21,56.1073,58.0007
2014-01-22,58.3377,57.0094
2014-01-23,55.8793,56.137
2014-01-24,55.6612,53.976
2014-01-27,54.2536,53.0838
2014-01-28,53.5498,54.66
2014-01-29,54.1346,53.064
2014-01-30,61.5792,60.5483
2014-01-31,59.9436,62.0253
2014-02-03,62.4813,60.9448
2014-02-04,61.5098,62.2038
2014-02-05,62.1938,61.6486
2014-02-06,60.925,61.6189
2014-02-07,61.7279,63.7601
2014-02-10,63.7403,62.9968
2014-02-11,63.1951,64.2855
2014-02-12,64.3548,63.8889
2014-02-13,63.6213,66.7439
2014-02-14,66.9124,66.506
2014-02-18,66.3573,66.7141
2014-02-19,66.4663,67.4675
2014-02-20,67.1404,69.0239
2014-02-21,69.0833,67.9929
2014-02-24,68.1416,70.1639
2014-02-25,70.3324,69.2419
2014-02-26,69.579,68.6571
2014-02-27,68.7364,68.3399
2014-02-28,68.8653,67.864
2014-03-03,66.3771,66.8232
2014-03-04,68.0623,68.2011
2014-03-05,69.0833,70.947
2014-03-06,71.2543,70.2233
2014-03-07,70.4612,69.1924
2014-03-10,70.1539,71.403
2014-03-11,71.8689,69.4898
2014-03-12,69.2519,70.263
2014-03-13,70.6694,68.2308
2014-03-14,67.8938,67.1305
2014-03-17,67.5865,68.1416
2014-03-18,68.1614,68.5877
2014-03-19,68.5679,67.646
2014-03-20,67.418,66.387
2014-03-21,66.9421,66.6547
2014-03-24,66.6051,63.542
2014-03-25,64.3251,64.3251
2014-03-26,64.1764,59.8643
2014-03-27,59.9833,60.4393
2014-03-28,60.806,59.4876
2014-03-31,60.2509,59.7156
2014-04-01,59.9337,62.0749
2014-04-02,62.6597,62.174
2014-04-03,62.0055,58.9721
2014-04-04,59.4182,56.256
2014-04-07,55.4134,56.4542
2014-04-08,57.1779,57.6834
2014-04-09,59.1109,61.8667
2014-04-10,62.5309,58.645
2014-04-11,57.0986,58.0205
2014-04-14,59.5669,58.3774
2014-04-15,58.7739,58.5756
2014-04-16,59.2695,59.2001
2014-04-17,58.7838,58.4269
2014-04-21,58.9424,60.7069
2014-04-22,62.1046,62.4813
2014-04-23,62.8977,60.8259
2014-04-24,63.0463,60.3401
2014-04-25,59.448,57.2076
2014-04-28,57.5447,55.6513
2014-04-29,55.6017,57.6438
2014-04-30,57.0788,59.2596
2014-05-01,59.9039,60.6177
2014-05-02,60.7664,59.9337
2014-05-05,59.1506,60.6871
2014-05-06,60.4492,58.0205
2014-05-07,58.2584,56.8904
2014-05-08,56.7318,56.2659
2014-05-09,56.3551,56.7417
2014-05-12,57.4753,59.3092
2014-05-13,59.1406,59.3092
2014-05-14,59.0118,58.7144
2014-05-15,58.7441,57.4158
2014-05-16,57.8024,57.5149
2014-05-19,57.3861,58.6946
2014-05-20,58.982,58.0502
2014-05-21,58.0502,59.9634
2014-05-22,60.4095,59.9932
2014-05-23,59.8841,60.8159
2014-05-27,61.0836,62.9274
2014-05-28,62.8382,62.9571
2014-05-29,63.2843,63.2744
2014-05-30,63.3933,62.749
2014-06-02,62.6796,62.5309
2014-06-03,62.0749,62.3227
2014-06-04,61.9064,62.7886
2014-06-05,63.1058,62.6399
2014-06-06,62.8184,61.9559
2014-06-09,61.8568,62.3326
2014-06-10,62.977,65.1974
2014-06-11,64.7514,65.2074
2014-06-12,65.2768,63.7304
2014-06-13,64.1368,63.9385
2014-06-16,63.6015,63.6312
2014-06-17,63.542,63.8394
2014-06-18,63.9286,65.0289
2014-06-19,64.8902,63.7799
2014-06-20,63.8989,63.9385
2014-06-23,63.7601,64.801
2014-06-24,64.791,65.1479
2014-06-25,65.0091,66.8529
2014-06-26,67.4081,66.5456
2014-06-27,66.7241,67.0115
2014-06-30,66.8728,66.7042
2014-07-01,66.9917,67.4675
2014-07-02,67.4477,65.8715
2014-07-03,66.278,65.7129
2014-07-07,65.7229,64.7217
2014-07-08,64.4936,62.2137
2014-07-09,62.858,64.4044
2014-07-10,62.7589,64.3053
2014-07-11,64.7117,65.7625
2014-07-14,66.5456,67.3089
2014-07-15,67.3684,66.5853
2014-07-16,66.9521,67.071
2014-07-17,66.4465,65.8319
2014-07-18,66.2185,67.8244
2014-07-21,68.211,68.7959
2014-07-22,69.1527,68.667
2014-07-23,69.1329,70.6694
2014-07-24,75.2988,74.3273
2014-07-25,74.3372,74.5355
2014-07-28,74.5156,74.2678
2014-07-29,74.0695,73.0683
2014-07-30,73.564,74.0299
2014-07-31,73.3558,72.0176
2014-08-01,71.5913,71.7301
2014-08-04,71.7301,72.8701
2014-08-05,72.5628,72.0572
2014-08-06,71.3931,71.8391
2014-08-07,72.3645,72.533
2014-08-08,72.7611,72.424
2014-08-11,72.8205,72.8007
2014-08-12,72.4537,72.196
2014-08-13,72.4835,73.1278
2014-08-14,73.3261,73.6532
2014-08-15,73.673,72.989
2014-08-18,73.3558,73.9407
2014-08-19,74.1588,74.6346
2014-08-20,74.3174,74.1588
2014-08-21,74.2678,73.9209
2014-08-22,73.6929,73.9209
2014-08-25,74.2876,74.3669
2014-08-26,74.3471,75.2988
2014-08-27,74.6148,73.9803
2014-08-28,73.3558,73.217
2014-08-29,73.6532,74.1687
2014-09-02,74.357,76.0125
2014-09-03,76.4685,75.1699
2014-09-04,75.2294,75.2889
2014-09-05,75.4375,76.5874
2014-09-08,76.5874,77.212
2014-09-09,76.9146,76.0026
2014-09-10,75.8539,76.756
2014-09-11,76.4586,77.2417
2014-09-12,77.3408,76.8055
2014-09-15,76.4784,73.9308
2014-09-16,72.88,75.4177
2014-09-17,75.2987,75.7647
2014-09-18,76.1017,76.3297
2014-09-19,76.7262,77.2318
2014-09-22,76.3297,76.1315
2014-09-23,75.6655,77.6085
2014-09-24,77.4201,77.8563
2014-09-25,77.9158,76.5478
2014-09-26,76.9146,78.1041
2014-09-29,77.4399,78.3123
2014-09-30,78.6592,78.3519
2014-10-01,78.0942,75.8836
2014-10-02,75.9034,76.409
2014-10-03,77.0831,76.7659
2014-10-06,76.5181,76.8848
2014-10-07,76.3793,75.6259
2014-10-08,75.5168,76.8452
2014-10-09,76.6073,75.2492
2014-10-10,74.932,72.2753
2014-10-13,72.5925,72.3546
2014-10-14,73.3558,72.9494
2014-10-15,71.0659,72.5727
2014-10-16,70.1738,71.9977
2014-10-17,73.5838,75.2889
2014-10-20,74.9419,76.2801
2014-10-21,76.8848,78.005
2014-10-22,78.1339,77.6878
2014-10-23,78.689,79.3432
2014-10-24,79.5018,79.9678
2014-10-27,80.0371,79.5811
2014-10-28,79.482,80.0669
2014-10-29,74.7932,75.1996
2014-10-30,74.3967,73.4649
2014-10-31,74.2777,74.3372
2014-11-03,74.813,73.2368
2014-11-04,73.5838,75.1005
2014-11-05,75.844,74.1786
2014-11-06,74.2381,74.6048
2014-11-07,74.7337,74.9419
2014-11-10,74.704,74.3471
2014-11-11,74.2976,73.9605
2014-11-12,73.6334,74.0696
2014-11-13,74.0894,73.6036
2014-11-14,73.6235,74.2282
2014-11-17,74.2282,73.5937
2014-11-18,73.8019,73.6929
2014-11-19,73.3657,72.6917
2014-11-20,72.1663,72.9593
2014-11-21,73.8514,73.108
2014-11-24,72.8998,73.3657
2014-11-25,73.564,74.9716
2014-11-26,74.8725,76.9443
2014-11-28,76.9939,77.0236
2014-12-01,76.5874,74.4462
2014-12-02,74.6742,74.8031
2014-12-03,74.7238,74.2282
2014-12-04,74.1786,74.585
2014-12-05,75.1402,75.6953
2014-12-08,75.5168,75.8539
2014-12-09,74.5454,76.1711
2014-12-10,75.9828,75.5168
2014-12-11,75.8539,77.0534
2014-12-12,76.4883,77.1525
2014-12-15,77.777,76.3198
2014-12-16,75.5268,74.0398
2014-12-17,74.357,75.4475
2014-12-18,76.2207,77.7175
2014-12-19,78.0645,79.1846
2014-12-22,79.3829,80.741
2014-12-23,81.306,79.9083
2014-12-24,80.3246,80.0669
2014-12-26,80.3147,80.0768
2014-12-29,79.7893,79.3234
2014-12-30,79.1549,78.5304
2014-12-31,78.8476,77.3408
2015-01-02,77.8959,77.7671
2015-01-05,77.3012,76.5181
2015-01-06,76.5577,75.4871
2015-01-07,76.0918,75.4871
2015-01-08,76.072,77.4994
2015-01-09,77.5193,77.0633
2015-01-12,77.1624,76.0521
2015-01-13,76.5577,75.7845
2015-01-14,75.7548,75.616
2015-01-15,75.7349,73.4054
2015-01-16,73.3955,74.5255
2015-01-20,75.0609,75.5763
2015-01-21,75.497,76.072
2015-01-22,76.4982,76.974
2015-01-23,76.974,77.1525
2015-01-26,77.3012,76.8254
2015-01-27,76.0422,75.1203
2015-01-28,76.2306,75.5763
2015-01-29,76.181,77.321
2015-01-30,77.321,75.2492
2015-02-02,75.4475,74.3372
2015-02-03,74.5355,74.7436
2015-02-04,74.4363,74.9716
2015-02-05,75.0509,74.9518
2015-02-06,75.0212,73.8217
2015-02-09,73.4054,73.792
2015-02-10,74.1984,74.5355
2015-02-11,74.4363,75.844
2015-02-12,76.1909,75.5664
2015-02-13,75.7944,75.0807
2015-02-17,74.6445,74.9419
2015-02-18,75.2789,76.0422
2015-02-19,76.3198,78.7286
2015-02-20,78.8575,79.2045
2015-02-23,79.2639,78.1537
2015-02-24,77.8166,77.7671
2015-02-25,77.8167,78.8674
2015-02-26,79.1846,79.71
2015-02-27,79.9777,78.2826
2015-03-02,78.3123,79.0558
2015-03-03,78.917,78.9071
2015-03-04,78.6097,80.1958
2015-03-05,80.5229,80.5031
2015-03-06,80.1958,79.3135
2015-03-09,78.9864,78.7485
2015-03-10,77.8167,76.8749
2015-03-11,77.1227,76.8947
2015-03-12,77.4201,78.2429
2015-03-13,77.9158,77.3706
2015-03-16,77.2814,77.3904
2015-03-17,77.6779,78.6692
2015-03-18,78.5601,80.2057
2015-03-19,80.4138,82.0297
2015-03-20,82.6641,83.0705
2015-03-23,83.1895,83.695
2015-03-24,83.9726,84.5674
2015-03-25,84.7557,82.1982
2015-03-26,81.9999,82.2874
2015-03-27,82.6542,82.5749
2015-03-30,83.0804,82.4757
2015-03-31,82.1783,81.5043
2015-04-01,81.7818,80.9591
2015-04-02,81.534,80.85
2015-04-06,80.0966,81.7224
2015-04-07,81.9305,81.6034
2015-04-08,81.9107,81.5637
2015-04-09,81.7818,81.4547
2015-04-10,81.4943,81.3258
2015-04-13,81.2168,82.2874
2015-04-14,82.446,82.7929
2015-04-15,82.8227,81.99
2015-04-16,81.7521,81.5935
2015-04-17,80.7707,80.0768
2015-04-20,80.8302,82.3667
2015-04-21,83.2688,82.8921
2015-04-22,83.586,83.8933
2015-04-23,83.3679,81.6926
2015-04-24,82.0495,80.8203
2015-04-27,81.1573,81.197
2015-04-28,81.1177,79.9777
2015-04-29,79.3135,79.7695
2015-04-30,79.3135,78.0843
2015-05-01,78.5502,78.3024
2015-05-04,78.6394,78.1239
2015-05-05,77.8662,76.8848
2015-05-06,77.2913,77.4201
2015-05-07,77.321,77.7473
2015-05-08,78.4114,77.8266
2015-05-11,77.7968,77.3309
2015-05-12,77.1921,76.7857
2015-05-13,77.0434,77.7572
2015-05-14,78.2528,80.6617
2015-05-15,80.7013,79.7199
2015-05-18,79.6307,80.1759
2015-05-19,80.5427,79.9281
2015-05-20,79.7695,79.8488
2015-05-21,79.4919,79.7794
2015-05-22,79.6505,79.8389
2015-05-26,79.7299,78.6394
2015-05-27,78.9071,79.8488
2015-05-28,79.5514,79.4523
2015-05-29,79.254,78.5006
2015-06-01,78.6097,79.5911
2015-06-02,79.0657,79.7398
2015-06-03,80.6418,81.7224
2015-06-04,81.425,81.3357
2015-06-05,81.1573,81.425
2015-06-08,81.1077,79.9678
2015-06-09,79.8984,79.9678
2015-06-10,80.1264,81.4448
2015-06-11,81.5935,81.1177
2015-06-12,80.6617,80.8203
2015-06-15,79.8488,80.0074
2015-06-16,80.1165,80.3544
2015-06-17,81.0483,81.078
2015-06-18,80.9293,82.1883
2015-06-19,82.109,81.7917
2015-06-22,82.6839,84.0023
2015-06-23,84.2204,87.115
2015-06-24,86.8969,88.0865
2015-06-25,88.483,87.2141
2015-06-26,87.3529,87.2439
2015-06-29,85.856,85.0531
2015-06-30,85.8461,85.0234
2015-07-01,86.0146,86.1534
2015-07-02,86.6392,86.5301
2015-07-06,85.7371,86.7879
2015-07-07,87.0357,86.4607
2015-07-08,85.5388,84.9044
2015-07-09,85.975,85.1324
2015-07-10,86.5896,87.1844
2015-07-13,87.8882,89.3157
2015-07-14,89.6725,88.8993
2015-07-15,89.2165,88.9786
2015-07-16,89.4941,90.0591
2015-07-17,91.7443,94.1433
2015-07-20,95.0156,97.0577
2015-07-21,98.0886,97.5335
2015-07-22,95.8979,96.1953
2015-07-23,96.1159,94.6092
2015-07-24,96.5026,96.106
2015-07-27,95.7393,93.3502
2015-07-28,94.0144,94.4605
2015-07-29,95.4815,96.1457
2015-07-30,94.0838,94.3812
2015-07-31,94.1234,93.1916
2015-08-03,92.7158,93.3205
2015-08-04,92.9735,93.2412
2015-08-05,94.4208,95.6005
2015-08-06,96.334,94.292
2015-08-07,94.5497,93.4791
2015-08-10,94.8471,93.3304
2015-08-11,92.9141,92.805
2015-08-12,91.8931,93.3701
2015-08-13,93.2313,92.6167
2015-08-14,92.7257,93.5981
2015-08-17,93.5981,93.1123
2015-08-18,93.261,94.3415
2015-08-19,93.8062,94.4803
2015-08-20,92.7257,89.7717
2015-08-21,86.7581,85.3108
2015-08-24,76.3594,81.3754
2015-08-25,86.1931,82.2775
2015-08-26,85.2018,86.431
2015-08-27,88.3244,88.9489
2015-08-28,89.0976,90.2178
2015-08-31,89.8113,88.6515
2015-09-01,86.094,86.4707
2015-09-02,88.0369,89.1075
2015-09-03,88.9786,87.3827
2015-09-04,86.4409,87.4917
2015-09-08,88.9092,88.7506
2015-09-09,89.9897,89.6527
2015-09-10,89.2859,91.1793
2015-09-11,90.8819,91.2487
2015-09-14,91.5064,91.5064
2015-09-15,91.5659,92.0913
2015-09-16,92.0913,92.6365
2015-09-17,92.5572,93.5188
2015-09-18,92.3887,93.5782
2015-09-21,93.7963,94.7182
2015-09-22,92.9537,92.1508
2015-09-23,92.5869,93.152
2015-09-24,92.2499,93.5881
2015-09-25,94.9561,91.9624
2015-09-28,91.2784,88.4334
2015-09-29,88.3244,85.9155
2015-09-30,87.6701,89.1174
2015-10-01,89.2661,90.1583
2015-10-02,88.1261,91.2685
2015-10-05,92.1309,93.1916
2015-10-06,93.261,91.9922
2015-10-07,92.2995,91.5956
2015-10-08,91.0901,91.665
2015-10-09,92.0913,92.4283
2015-10-12,92.5076,93.4395
2015-10-13,92.8447,93.3007
2015-10-14,93.261,93.2511
2015-10-15,94.1631,95.1247
2015-10-16,95.3427,96.6909
2015-10-19,96.3341,97.6128
2015-10-20,97.8706,96.1556
2015-10-21,96.5224,96.2646
2015-10-22,96.9387,98.8024
2015-10-23,101.0229,101.3004
2015-10-26,101.3103,102.8667
2015-10-27,102.0439,102.7973
2015-10-28,102.9955,103.2929
2015-10-29,103.055,103.967
2015-10-30,103.6002,101.0823
2015-11-02,100.8345,102.4107
2015-11-03,102.3215,101.687
2015-11-04,102.2917,103.0352
2015-11-05,107.8529,107.8132
2015-11-06,107.0995,106.1677
2015-11-09,106.0686,105.563
2015-11-10,105.0376,106.9706
2015-11-11,107.3275,108.0611
2015-11-12,107.5357,107.0797
2015-11-13,106.7724,103.0451
2015-11-16,102.4206,103.1343
2015-11-17,103.7093,104.2148
2015-11-18,104.879,106.8318
2015-11-19,106.4254,105.335
2015-11-20,105.9099,106.3858
2015-11-23,106.2569,106.019
2015-11-24,105.0773,104.8195
2015-11-25,105.4044,104.4924
2015-11-27,104.8592,104.5321
2015-11-30,104.9187,103.3326
2015-12-01,103.9174,106.1875
2015-12-02,106.0685,105.1466
2015-12-03,105.3449,103.4714
2015-12-04,103.8976,105.2557
2015-12-07,105.5531,104.6907
2015-12-08,103.0947,105.563
2015-12-09,105.2557,103.6894
2015-12-10,104.1355,104.5023
2015-12-11,103.2434,101.231
2015-12-14,101.3996,103.7489
2015-12-15,104.3833,103.6399
2015-12-16,104.4527,105.8604
2015-12-17,106.5543,105.2953
2015-12-18,105.1566,103.1343
2015-12-21,103.9968,103.858
2015-12-22,104.3041,104.5915
2015-12-23,104.9682,103.7192
2015-12-24,103.8282,104.1058
2015-12-28,104.1058,105.0079
2015-12-29,105.4936,106.3263
2015-12-30,106.0686,105.2953
2015-12-31,105.0773,103.7489
2016-01-04,101.0625,101.3302
2016-01-05,101.9943,101.8357
2016-01-06,100.2497,102.0736
2016-01-07,99.6251,97.0676
2016-01-08,99.0105,96.4827
2016-01-11,97.0577,96.6612
2016-01-12,98.1382,98.505
2016-01-13,99.7044,94.6092
2016-01-14,95.0156,97.5137
2016-01-15,93.1619,94.1433
2016-01-19,95.6897,94.4308
2016-01-20,92.0219,93.5287
2016-01-21,94.0838,93.3403
2016-01-22,95.5707,97.0874
2016-01-25,97.8606,96.1655
2016-01-26,96.909,96.4926
2016-01-27,96.9387,93.6278
2016-01-28,106.2668,108.1602
2016-01-29,108.0412,111.2332
2016-02-01,111.2927,114.0881
2016-02-02,113.8007,113.6123
2016-02-03,114.2666,111.709
2016-02-04,110.8268,109.5282
2016-02-05,108.5567,103.1641
2016-02-08,99.5359,98.8817
2016-02-09,96.2944,98.6735
2016-02-10,100.666,100.1208
2016-02-11,98.733,101.0229
2016-02-12,102.8369,101.122
2016-02-16,102.8964,100.7255
2016-02-17,101.1319,104.2842
2016-02-18,104.879,102.5693
2016-02-19,101.6573,103.6597
2016-02-22,104.5717,106.2272
2016-02-23,105.9199,104.542
2016-02-24,103.3028,105.9496
2016-02-25,106.1776,107.1292
2016-02-26,107.7538,106.9805
2016-02-29,106.6633,105.9893
2016-03-01,106.8913,108.864
2016-03-02,108.7252,108.9929
2016-03-03,109.2903,108.6261
2016-03-04,109.092,107.4465
2016-03-07,107.1292,104.8096
2016-03-08,103.8679,105.0079
2016-03-09,105.7712,106.5741
2016-03-10,106.9706,106.3858
2016-03-11,107.5357,108.4576
2016-03-14,108.3287,108.9334
2016-03-15,108.1602,109.7066
2016-03-16,109.5282,111.2035
2016-03-17,111.1737,110.0536
2016-03-18,110.5888,110.4798
2016-03-21,110.688,110.8763
2016-03-22,110.3906,111.2729
2016-03-23,111.0349,111.5603
2016-03-24,111.1539,112.0659
2016-03-28,112.3335,112.7003
2016-03-29,112.8391,115.129
2016-03-30,115.7139,113.7015
2016-03-31,113.7015,113.1067
2016-04-01,112.7598,115.0497
2016-04-04,113.077,111.5702
2016-04-05,111.1341,111.2431
2016-04-06,111.4909,112.7201
2016-04-07,112.7995,112.6508
2016-04-08,113.2554,109.667
2016-04-11,109.7364,108.0412
2016-04-12,108.3882,109.6471
2016-04-13,111.253,109.548
2016-04-14,109.657,109.8751
2016-04-15,109.8256,108.6856
2016-04-18,108.7847,109.4885
2016-04-19,110.1329,111.3125
2016-04-20,111.4513,111.4414
2016-04-21,111.5702,112.4525
2016-04-22,110.2419,109.5975
2016-04-25,108.9136,109.1416
2016-04-26,109.5282,107.8132
2016-04-27,107.0004,107.9421
2016-04-28,118.539,115.7139
2016-04-29,115.8031,116.5564
2016-05-02,116.8043,117.5378
2016-05-03,116.497,116.4078
2016-05-04,115.5949,117.0323
2016-05-05,117.0124,116.7844
2016-05-06,116.1401,118.4498
2016-05-09,118.4994,118.202
2016-05-10,118.5787,119.451
2016-05-11,119.3618,118.4796
2016-05-12,118.9356,119.233
2016-05-13,119.3321,118.767
2016-05-16,118.3408,117.637
2016-05-17,117.7857,116.3284
2016-05-18,115.7832,116.6258
2016-05-19,116.0311,115.7932
2016-05-20,115.9418,116.3284
2016-05-23,116.3978,114.9605
2016-05-24,115.2281,116.6754
2016-05-25,117.1017,116.8638
2016-05-26,117.2107,118.43
2016-05-27,118.5192,118.3408
2016-05-31,118.4201,117.7757
2016-06-01,117.4684,117.746
2016-06-02,117.6568,117.8947
2016-06-03,117.9443,117.4387
2016-06-06,117.5874,117.7559
2016-06-07,118.202,116.7349
2016-06-08,116.7349,117.3594
2016-06-09,117.1017,117.5279
2016-06-10,116.5168,115.6048
2016-06-13,113.9989,112.958
2016-06-14,113.077,113.9394
2016-06-15,114.2963,113.6024
2016-06-16,112.8787,113.3942
2016-06-17,113.424,112.0361
2016-06-20,112.7796,112.3831
2016-06-21,113.1266,113.3843
2016-06-22,113.652,112.9184
2016-06-23,113.3744,114.0782
2016-06-24,110.0436,111.1043
2016-06-27,110.5988,108.0214
2016-06-28,109.667,111.7189
2016-06-29,112.3831,113.1662
2016-06-30,113.6718,113.2852
2016-07-01,113.2059,113.196
2016-07-05,112.9481,113.2059
2016-07-06,112.3732,115.6841
2016-07-07,115.6147,114.8415
2016-07-08,115.4165,116.2194
2016-07-11,116.6853,116.8439
2016-07-12,117.5973,116.9034
2016-07-13,117.3594,115.7634
2016-07-14,116.4771,116.269
2016-07-15,116.7151,115.8427
2016-07-18,116.2987,118.3309
2016-07-19,117.9542,119.5601
2016-07-20,120.1945,120.8587
2016-07-21,120.8587,119.5601
2016-07-22,118.8562,119.9467
2016-07-25,120.3333,120.5712
2016-07-26,120.938,120.1648
2016-07-27,121.3543,122.2663
2016-07-28,126.4099,123.9119
2016-07-29,123.5649,122.8611
2016-08-01,122.7719,123.2279
2016-08-02,122.98,122.0185
2016-08-03,122.0185,121.4435
2016-08-04,121.8698,123.2774
2016-08-05,123.892,124.0605
2016-08-08,124.1597,124.1696
2016-08-09,124.2489,123.9713
2016-08-10,123.9813,123.7929
2016-08-11,124.1101,123.8127
2016-08-12,123.6145,123.7929
2016-08-15,123.8226,122.8214
2016-08-16,122.4249,122.2267
2016-08-17,122.5835,123.2873
2016-08-18,122.9305,122.8313
2016-08-19,122.524,122.4844
2016-08-22,122.2564,123.0693
2016-08-23,123.4261,123.2873
2016-08-24,123.3865,122.4051
2016-08-25,122.0482,122.8115
2016-08-26,122.9701,123.8722
2016-08-29,123.2675,125.4384
2016-08-30,125.4979,124.7445
2016-08-31,124.5066,125.0221
2016-09-01,125.2798,125.0717
2016-09-02,125.7457,125.4087
2016-09-06,125.5673,128.6007
2016-09-07,128.908,129.9092
2016-09-08,129.7803,129.136
2016-09-09,128.5809,125.9936
2016-09-12,124.8635,127.5697
2016-09-13,126.9155,126.1026
2016-09-14,125.7854,126.6577
2016-09-15,126.8659,127.2327
2016-09-16,127.084,127.9464
2016-09-19,128.7791,127.5301
2016-09-20,127.5301,127.5202
2016-09-21,128.0059,128.8089
2016-09-22,129.364,128.9477
2016-09-23,126.4496,126.8461
2016-09-26,126.2612,126.2017
2016-09-27,126.4991,127.5697
2016-09-28,128.0852,128.105
2016-09-29,128.0555,126.975
2016-09-30,126.9155,127.1534
2016-10-03,127.2624,127.649
2016-10-04,128.0455,127.0741
2016-10-05,127.1336,127.3516
2016-10-06,127.312,127.6193
2016-10-07,127.9167,127.8671
2016-10-10,128.5511,129.1063
2016-10-11,129.0963,127.7581
2016-10-12,127.8869,127.9266
2016-10-13,127.0939,126.7073
2016-10-14,127.3715,126.7668
2016-10-17,127.084,126.4297
2016-10-18,127.5598,127.4508
2016-10-19,127.6193,128.9774
2016-10-20,128.9377,128.8683
2016-10-21,128.6502,130.9203
2016-10-24,131.5647,132.1198
2016-10-25,132.3379,131.1384
2016-10-26,130.494,129.8993
2016-10-27,130.5932,128.561
2016-10-28,129.364,130.1471
2016-10-31,130.8608,129.8497
2016-11-01,130.2661,128.3727
2016-11-02,129.0963,126.063
2016-11-03,120.938,118.9554
2016-11-04,118.549,119.6989
2016-11-07,121.7608,121.0867
2016-11-08,120.9677,123.1387
2016-11-09,120.4423,122.1077
2016-11-10,122.8512,119.7484
2016-11-11,118.4895,117.9839
2016-11-14,118.0929,114.0782
2016-11-15,115.7139,116.1798
2016-11-16,113.4834,115.3272
2016-11-17,115.7931,116.7646
2016-11-18,117.3594,116.0013
2016-11-21,117.1711,120.71
2016-11-22,121.3345,120.4126
2016-11-23,120.1747,119.7881
2016-11-25,119.9566,119.3321
2016-11-28,119.0743,119.3618
2016-11-29,119.5204,119.8178
2016-11-30,119.2726,117.3891
2016-12-01,117.3495,114.098
2016-12-02,114.108,114.3954
2016-12-05,114.9406,116.4078
2016-12-06,116.6655,116.2888
2016-12-07,115.9815,116.9232
2016-12-08,116.953,117.8749
2016-12-09,118.1822,118.6382
2016-12-12,118.1822,116.7448
2016-12-13,116.834,119.2627
2016-12-14,118.9554,119.1635
2016-12-15,119.0347,119.5204
2016-12-16,119.8475,118.8265
2016-12-19,118.8067,118.202
2016-12-20,118.4597,118.0533
2016-12-21,117.8848,118.0037
2016-12-22,117.8253,116.378
2016-12-23,115.9815,116.2492
2016-12-27,115.9418,116.9827
2016-12-28,117.1611,115.9022
2016-12-29,115.9815,115.3372
2016-12-30,115.585,114.0485
2017-01-03,115.02,115.8427
2017-01-04,116.5267,117.6568
2017-01-05,117.8253,119.6195
2017-01-06,119.9269,122.3357
2017-01-09,122.4745,123.8127
2017-01-10,123.7334,123.2675
2017-01-11,123.2675,124.9924
2017-01-12,124.5165,125.5178
2017-01-13,126.3802,127.2228
2017-01-17,126.9254,126.7569
2017-01-18,127.2922,126.8064
2017-01-19,127.1137,126.4397
2017-01-20,126.9849,125.9341
2017-01-23,126.2017,127.8076
2017-01-24,128.2537,128.2438
2017-01-25,128.8683,130.3354
2017-01-26,130.4842,131.6241
2017-01-27,131.525,131.0293
2017-01-30,130.4346,129.8398
2017-01-31,129.0368,129.1855
2017-02-01,131.0988,132.0702
2017-02-02,132.0603,129.701
2017-02-03,130.0975,129.8398
2017-02-06,129.8398,130.9104
2017-02-07,131.0888,130.6923
2017-02-08,131.4457,133.0318
2017-02-09,133.3192,132.9723
2017-02-10,132.9326,133.0219
2017-02-13,133.5274,132.8831
2017-02-14,132.9327,132.6848
2017-02-15,132.2883,132.2784
2017-02-16,131.9116,132.6749
2017-02-17,132.3379,132.3676
2017-02-21,132.3379,132.5559
2017-02-22,132.437,134.9351
2017-02-23,134.707,134.1817
2017-02-24,132.9921,134.261
2017-02-27,134.0825,135.2225
2017-02-28,135.5992,134.3601
2017-03-01,135.282,136.2237
2017-03-02,135.8966,135.5695
2017-03-03,135.4406,135.9759
2017-03-06,135.6884,136.2237
2017-03-07,135.8372,136.1048
2017-03-08,135.9561,136.5211
2017-03-09,136.5211,137.0366
2017-03-10,137.7008,137.5818
2017-03-13,137.5025,138.3848
2017-03-14,138.246,138.1072
2017-03-15,138.0775,138.5037
2017-03-16,138.9795,138.7714
2017-03-17,139.1183,138.6227
2017-03-20,138.4938,138.7218
2017-03-21,139.9212,137.3042
2017-03-22,136.7293,138.3748
2017-03-23,138.2658,138.3154
2017-03-24,138.8606,139.1183
2017-03-27,137.8396,139.0985
2017-03-28,139.1381,140.5259
2017-03-29,140.7539,141.4082
2017-03-30,141.1604,141.1703
2017-03-31,141.0712,140.8134
2017-04-03,140.6945,141.0414
2017-04-04,140.6251,140.4962
2017-04-05,141.0216,140.6152
2017-04-06,140.8729,139.9411
2017-04-07,139.9708,139.5545
2017-04-10,139.7726,139.8122
2017-04-11,139.5743,138.702
2017-04-12,138.5037,138.3649
2017-04-13,138.4046,138.1766
2017-04-17,138.5434,140.1889
2017-04-18,140.0402,139.7329
2017-04-19,140.1196,141.0315
2017-04-20,141.7056,142.5482
2017-04-21,142.6473,142.4292
2017-04-24,143.6981,144.2036
2017-04-25,144.5209,145.2148
2017-04-26,145.8095,145.2842
2017-04-27,145.3932,146.4143
2017-04-28,148.1986,148.9421
2017-05-01,150.4191,151.1328
2017-05-02,152.0052,151.45
2017-05-03,152.2629,150.4786
2017-05-04,148.8628,149.5368
2017-05-05,150.1316,148.9321
2017-05-08,149.3981,149.745
2017-05-09,150.1713,149.1701
2017-05-10,148.9222,148.9817
2017-05-11,149.0015,148.7339
2017-05-12,149.0908,149.0214
2017-05-15,148.8628,148.8826
2017-05-16,148.8033,148.4762
2017-05-17,146.7116,143.5891
2017-05-18,143.4602,146.3746
2017-05-19,147.1577,146.7711
2017-05-22,146.791,146.9496
2017-05-23,147.2271,146.781
2017-05-24,147.2172,148.7339
2017-05-25,148.9916,150.6372
2017-05-26,150.9048,150.8057
2017-05-30,150.6471,151.0535
2017-05-31,151.3707,150.1415
2017-06-01,150.429,150.2109
2017-06-02,150.5281,152.2728
2017-06-05,152.3025,152.2926
2017-06-06,152.0746,151.4798
2017-06-07,151.9358,151.7871
2017-06-08,152.7387,153.3633
2017-06-09,153.4227,148.2977
2017-06-12,146.8801,147.1478
2017-06-13,148.8429,149.3683
2017-06-14,149.9433,148.9421
2017-06-15,146.3845,148.496
2017-06-16,148.2878,149.3287
2017-06-19,150.3894,151.5392
2017-06-20,151.5492,150.9246
2017-06-21,151.0337,152.5702
2017-06-22,151.678,152.0647
2017-06-23,151.3906,153.7201
2017-06-26,154.8898,152.253
2017-06-27,151.5095,149.2692
2017-06-28,149.6062,151.906
2017-06-29,150.9544,149.7252
2017-06-30,150.5777,149.6657
2017-07-03,150.3993,147.1379
2017-07-05,147.7029,149.0312
2017-07-06,147.7327,147.5245
2017-07-07,147.9507,150.1217
2017-07-10,150.3695,152.1638
2017-07-11,152.0349,153.9184
2017-07-12,155.1277,157.5167
2017-07-13,157.3581,157.8736
2017-07-14,158.736,158.5774
2017-07-17,158.855,158.3396
2017-07-18,158.2702,161.4423
2017-07-19,162.1659,162.7111
2017-07-20,163.3654,163.0977
2017-07-21,162.731,162.9986
2017-07-24,163.2068,164.5549
2017-07-25,163.5735,163.8412
2017-07-26,164.5649,164.1684
2017-07-27,173.1792,168.9563
2017-07-28,167.5982,170.9488
2017-07-31,170.5027,167.7767
2017-08-01,168.3417,168.3813
2017-08-02,168.8175,167.8262
2017-08-03,167.8262,167.1224
2017-08-04,167.4991,168.1434
2017-08-07,168.4706,170.4829
2017-08-08,170.3838,169.7394
2017-08-09,168.5003,169.6898
2017-08-10,168.5796,165.9427
2017-08-11,166.488,166.6169
2017-08-14,168.6093,169.2636
2017-08-15,169.9972,169.5114
2017-08-16,169.7593,168.5201
2017-08-17,167.8659,165.457
2017-08-18,165.3876,165.9527
2017-08-21,165.7049,166.3195
2017-08-22,166.8151,168.1633
2017-08-23,167.3702,167.2414
2017-08-24,167.4099,166.2798
2017-08-25,166.3987,164.8722
2017-08-28,165.457,165.7841
2017-08-29,163.8115,166.5871
2017-08-30,166.7061,168.4408
2017-08-31,168.9167,170.473
2017-09-01,170.8992,170.5226
2017-09-05,169.7791,169.2339
2017-09-06,169.4222,170.5919
2017-09-07,170.4433,171.7022
2017-09-08,171.5832,169.4619
2017-09-11,170.8992,171.9996
2017-09-12,172.2474,171.4544
2017-09-13,171.5039,171.5436
2017-09-14,170.7604,169.4718
2017-09-15,169.3925,170.1459
2017-09-18,170.4928,168.53
2017-09-19,169.1347,171.0182
2017-09-20,170.9984,170.6712
2017-09-21,170.1954,169.6205
2017-09-22,168.7283,169.0554
2017-09-25,167.7667,161.4522
2017-09-26,163.068,162.7805
2017-09-27,164.4558,166.2203
2017-09-28,166.4781,167.2612
2017-09-29,167.3603,169.3825
2017-10-02,169.898,167.9948
2017-10-03,167.8262,168.4805
2017-10-04,168.3516,166.9539
2017-10-05,167.7073,169.7493
2017-10-06,168.768,170.7307
2017-10-09,171.1966,170.9984
2017-10-10,171.494,170.0963
2017-10-11,170.4532,171.2363
2017-10-12,171.1074,171.048
2017-10-13,171.9401,172.2276
2017-10-16,172.9711,173.0008
2017-10-17,173.1891,174.577
2017-10-18,175.1122,174.4976
2017-10-19,173.4072,173.0404
2017-10-20,173.9722,173.4568
2017-10-23,173.6748,169.7791
2017-10-24,170.8001,170.3044
2017-10-25,170.4036,169.1149
2017-10-26,169.8881,169.1447
2017-10-27,172.634,176.3315
2017-10-30,177.6995,178.3042
2017-10-31,178.9981,178.4925
2017-11-01,180.7725,181.0699
2017-11-02,179.0576,177.3625
2017-11-03,177.7292,177.3625
2017-11-06,177.0056,178.6016
2017-11-07,178.9287,178.6809
2017-11-08,178.2249,177.9969
2017-11-09,176.7578,177.7392
2017-11-10,176.7975,176.9065
2017-11-13,175.9548,177.2138
2017-11-14,176.5794,176.5199
2017-11-15,175.1222,176.4009
2017-11-16,177.2039,178.0267
2017-11-17,177.7392,177.4418
2017-11-20,177.3129,177.184
2017-11-21,177.5905,180.2769
2017-11-22,179.7218,179.2955
2017-11-24,178.8296,181.1888
2017-11-27,180.9708,181.4367
2017-11-28,181.9125,180.832
2017-11-29,180.3066,173.6055
2017-11-30,175.3105,175.6376
2017-12-01,174.4977,173.5758
2017-12-04,174.7554,169.9773
2017-12-05,168.9662,171.3255
2017-12-06,170.9984,174.5274
2017-12-07,174.2696,178.5719
2017-12-08,179.9497,177.4418
2017-12-11,177.7392,177.4814
2017-12-12,177.0453,175.4196
2017-12-13,175.7566,176.7479
2017-12-14,176.738,176.8371
2017-12-15,177.4616,178.6115
2017-12-18,179.4343,179.2459
2017-12-19,178.3835,177.9473
2017-12-20,178.2448,176.3415
2017-12-21,176.391,175.9052
2017-12-22,175.598,175.6575
2017-12-26,175.0924,174.458
2017-12-27,175.0131,176.0738
2017-12-28,176.4009,176.3712
2017-12-29,176.4505,174.9239
2018-01-02,176.1333,179.8407
2018-01-03,180.2967,183.0625
2018-01-04,183.2904,182.7254
2018-01-05,183.9744,185.2234
2018-01-08,185.5704,186.641
2018-01-09,187.0574,186.2346
2018-01-10,185.3127,186.2048
2018-01-11,186.7599,186.1354
2018-01-12,176.51,177.8086
2018-01-16,179.92,176.8371
2018-01-17,177.6995,176.054
2018-01-18,176.5794,178.2348
2018-01-19,179.2757,179.7119
2018-01-22,179.2261,183.7563
2018-01-23,184.4304,187.7017
2018-01-24,188.237,184.926
2018-01-25,186.3139,185.848
2018-01-26,186.1156,188.346
2018-01-29,187.1069,184.361
2018-01-30,185.9867,185.4911
2018-01-31,186.7302,185.2631
2018-02-01,186.5815,191.4091
2018-02-02,190.3683,188.6236
2018-02-05,185.3027,179.6821
2018-02-06,177.0155,183.6969
2018-02-07,182.547,178.6115
2018-02-08,179.4343,170.0864
2018-02-09,173.2387,174.577
2018-02-12,175.5187,174.8743
2018-02-13,174.0912,171.6427
2018-02-14,171.9401,177.9572
2018-02-15,178.9287,178.3934
2018-02-16,177.4319,175.816
2018-02-20,174.2399,174.4778
2018-02-21,175.1717,176.3613
2018-02-22,177.1444,177.4319
2018-02-23,178.334,181.6944
2018-02-26,182.9732,183.3202
2018-02-27,182.8443,179.8804
2018-02-28,180.7131,176.7677
2018-03-01,177.4517,174.4084
2018-03-02,171.7815,175.0825
2018-03-05,174.6662,178.8296
2018-03-06,180.1976,178.215
2018-03-07,177.184,182.1108
2018-03-08,181.9621,180.7527
2018-03-09,182.309,183.6175
2018-03-12,183.6175,183.1516
2018-03-13,183.9942,180.2967
2018-03-14,181.0105,182.5866
2018-03-15,181.6449,182.2595
2018-03-16,182.884,183.4788
2018-03-19,175.4691,171.0578
2018-03-20,166.0122,166.6862
2018-03-21,163.3654,167.9154
2018-03-22,164.6838,163.4546
2018-03-23,163.9998,158.0025
2018-03-26,159.4201,158.6667
2018-03-27,154.9493,150.8949
2018-03-28,150.3299,151.6978
2018-03-29,153.7994,158.399
2018-04-02,156.4363,154.0373
2018-04-03,155.1872,154.751
2018-04-04,150.7066,153.7499
2018-04-05,160.1536,157.9529
2018-04-06,156.3569,155.8316
2018-04-09,156.4462,156.5552
2018-04-10,156.5552,163.6033
2018-04-11,163.9205,164.8722
2018-04-12,165.5264,162.4435
2018-04-13,163.1473,163.0878
2018-04-16,164.2774,163.3951
2018-04-17,164.3864,167.1918
2018-04-18,165.4273,164.9118
2018-04-19,164.7532,166.6367
2018-04-20,166.3294,164.8325
2018-04-23,165.8139,164.3963
2018-04-24,163.9899,158.2999
2018-04-25,158.7459,158.2999
2018-04-26,171.7121,172.6439
2018-04-27,175.2708,172.0789
2018-04-30,172.2771,170.5027
2018-05-01,170.5027,172.3465
2018-05-02,172.7331,174.5373
2018-05-03,173.6054,172.5051
2018-05-04,171.5733,175.0726
2018-05-07,175.8062,176.4208
2018-05-08,176.6983,177.3625
2018-05-09,178.106,181.0699
2018-05-10,181.5556,183.9149
2018-05-11,183.2409,185.3622
2018-05-14,186.076,185.0153
2018-05-15,183.2706,182.7155
2018-05-16,182.1009,181.6052
2018-05-17,181.0897,182.1603
2018-05-18,181.8927,181.0897
2018-05-21,182.1703,182.884
2018-05-22,183.3201,182.2
2018-05-23,180.9113,185.273
2018-05-24,184.2619,184.3114
2018-05-25,184.4007,183.3102
2018-05-29,182.7353,184.1231
2018-05-30,184.9161,186.0363
2018-05-31,186.2346,190.1105
2018-06-01,191.3893,192.3013
2018-06-04,190.17,191.5975
2018-06-05,192.6086,191.2605
2018-06-06,189.367,189.6743
2018-06-07,189.0895,186.5419
2018-06-08,185.8975,187.4539
2018-06-11,187.1664,189.8726
2018-06-12,190.4971,190.7251
2018-06-13,191.0622,190.735
2018-06-14,191.419,195.0967
2018-06-15,194.0856,194.1451
2018-06-18,193.1042,196.5837
2018-06-19,194.5317,195.7708
2018-06-20,197.3668,200.2416
2018-06-21,200.995,199.7459
2018-06-22,199.4089,199.9838
2018-06-25,198.259,194.6407
2018-06-26,195.8799,197.2677
2018-06-27,197.4461,194.1352
2018-06-28,193.4809,194.5218
2018-06-29,195.6023,192.6284
2018-07-02,191.6867,195.642
2018-07-03,192.8564,191.0522
2018-07-05,193.0448,196.7225
2018-07-06,196.7224,201.4608
2018-07-09,203.1461,202.9577
2018-07-10,202.7198,201.7682
2018-07-11,200.4597,200.7769
2018-07-12,201.6591,205.1187
2018-07-13,206.001,205.5153
2018-07-16,205.6937,205.426
2018-07-17,203.1163,208.162
2018-07-18,207.9935,207.5375
2018-07-19,206.9526,206.2785
2018-07-20,207.0319,208.1124
2018-07-23,208.7469,209.074
2018-07-24,213.2374,212.8012
2018-07-25,213.8421,215.6066
2018-07-26,173.3676,174.7256
2018-07-27,178.3042,173.3676
2018-07-30,173.774,169.5709
2018-07-31,169.1843,171.0777
2018-08-01,172.4159,170.1558
2018-08-02,169.1942,174.8347
2018-08-03,176.1432,176.2324
2018-08-06,177.412,184.0735
2018-08-07,184.8765,182.2099
2018-08-08,183.1417,183.568
2018-08-09,184.2322,181.4962
2018-08-10,180.4553,178.6908
2018-08-13,178.5322,178.4827
2018-08-14,179.1369,179.5334
2018-08-15,177.7788,177.9672
2018-08-16,178.8494,173.1792
2018-08-17,172.981,172.287
2018-08-20,172.5249,170.9984
2018-08-21,171.3057,171.1173
2018-08-22,170.7109,172.1284
2018-08-23,171.5832,171.3949
2018-08-24,172.1879,173.1297
2018-08-27,174.458,175.9152
2018-08-28,176.5496,174.7256
2018-08-29,174.7653,174.3687
2018-08-30,174.3688,176.0936
2018-08-31,175.6079,174.2003
2018-09-04,171.9897,169.67
2018-09-05,168.0146,165.7247
2018-09-06,165.5264,161.1152
2018-09-07,158.9145,161.6207
2018-09-10,162.0866,162.7508
2018-09-11,162.5129,164.4955
2018-09-12,161.8289,160.5898
2018-09-13,160.5898,159.9553
2018-09-14,160.3122,160.907
2018-09-17,160.5104,159.1821
2018-09-18,158.0025,158.9046
2018-09-19,158.6865,161.6405
2018-09-20,163.068,164.5748
2018-09-21,165.1894,161.5117
2018-09-24,159.6282,163.9701
2018-09-25,160.5799,163.4744
2018-09-26,162.8697,165.4967
2018-09-27,166.0914,167.3702
2018-09-28,166.8647,163.0284
2018-10-01,161.6108,161.026
2018-10-02,160.1734,157.943
2018-10-03,158.6072,161.016
2018-10-04,160.0545,157.4672
2018-10-05,157.8241,155.9604
2018-10-08,154.186,155.8811
2018-10-09,156.3173,156.5255
2018-10-10,155.4548,150.0622
2018-10-11,148.8231,152.0151
2018-10-12,155.3656,152.4017
2018-10-15,151.9853,152.1836
2018-10-16,154.0472,157.3978
2018-10-17,158.171,158.0322
2018-10-18,157.1301,153.5714
2018-10-19,154.5032,152.709
2018-10-22,153.4128,153.4326
2018-10-23,149.9036,153.046
2018-10-24,152.937,144.7687
2018-10-25,146.444,149.6359
2018-10-26,144.5506,144.1045
2018-10-29,147.2073,140.8531
2018-10-30,138.7218,144.9471
2018-10-31,153.6507,150.4686
2018-11-01,150.201,150.429
2018-11-02,150.4786,149.0412
2018-11-05,148.7934,147.3857
2018-11-06,148.0102,148.6348
2018-11-07,150.2506,150.2109
2018-11-08,149.18,146.5827
2018-11-09,145.4725,143.6981
2018-11-12,143.2223,140.3178
2018-11-13,140.7639,140.9225
2018-11-14,142.4491,142.9646
2018-11-15,141.091,142.5978
2018-11-16,139.842,138.3154
2018-11-19,136.4121,130.4049
2018-11-20,125.9242,131.2772
2018-11-21,133.23,133.6464
2018-11-23,132.4866,130.5833
2018-11-26,131.8422,135.1928
2018-11-27,134.5683,133.8248
2018-11-28,135.0937,135.5695
2018-11-29,134.7368,137.4728
2018-11-30,137.0564,139.386
2018-12-03,141.7552,139.8618
2018-12-04,139.5049,136.7293
2018-12-06,132.6551,138.4145
2018-12-07,138.0378,136.2237
2018-12-10,138.3848,140.6152
2018-12-11,142.6275,140.8432
2018-12-12,141.8345,143.2421
2018-12-13,144.3028,143.7477
2018-12-14,142.0922,142.806
2018-12-17,141.8345,138.9696
2018-12-18,139.8519,142.4095
2018-12-19,139.9807,132.0801
2018-12-20,129.5622,132.2387
2018-12-21,132.2288,123.8623
2018-12-24,122.0284,122.98
2018-12-26,124.9032,133.0119
2018-12-27,131.2871,133.349
2018-12-28,134.1618,132.0405
2018-12-31,133.2796,129.9488
2019-01-02,127.8671,134.4989
2019-01-03,133.5175,130.5932
2019-01-04,132.8434,136.7491
2019-01-07,136.3625,136.8483
2019-01-08,138.6722,141.2893
2019-01-09,141.7056,142.9744
2019-01-10,141.8345,142.9447
2019-01-11,141.9038,142.5482
2019-01-14,140.7639,144.1243
2019-01-15,144.739,147.6534
2019-01-16,147.703,146.2557
2019-01-17,145.6708,147.009
2019-01-18,148.4464,148.7339
2019-01-22,147.9012,146.2854
2019-01-23,146.9892,143.0438
2019-01-24,143.3809,144.5605
2019-01-25,146.1962,147.7129
2019-01-28,146.7612,146.1862
2019-01-29,146.8009,142.9348
2019-01-30,144.9471,149.1106
2019-01-31,164.1584,165.2389
2019-02-01,164.3963,164.2675
2019-02-04,164.2576,167.7767
2019-02-05,167.6775,169.67
2019-02-06,169.7097,169.0059
2019-02-07,166.7358,164.9317
2019-02-08,163.0383,165.8734
2019-02-11,166.4384,164.3468
2019-02-12,165.4075,163.6033
2019-02-13,163.9404,162.6418
2019-02-14,161.7694,162.5228
2019-02-15,163.0779,161.0854
2019-02-19,159.1028,160.8773
2019-02-20,160.8376,161.1449
2019-02-21,160.5204,158.6468
2019-02-22,159.1821,160.4807
2019-02-25,161.6505,163.187
2019-02-26,162.9094,162.7012
2019-02-27,161.4819,161.3927
2019-02-28,160.9565,160.0446
2019-03-01,161.1845,160.8673
2019-03-04,162.4732,165.913
2019-03-05,165.913,169.7692
2019-03-06,171.3949,171.0083
2019-03-07,170.0071,167.6577
2019-03-08,164.7532,168.1236
2019-03-11,170.1062,170.5721
2019-03-12,170.5919,170.4234
2019-03-13,170.82,171.8608
2019-03-14,168.2822,168.6887
2019-03-15,165.7048,164.5351
2019-03-18,162.1461,159.0731
2019-03-19,160.0743,160.1635
2019-03-20,160.0941,163.9998
2019-03-21,163.4546,164.6343
2019-03-22,164.208,162.9094
2019-03-25,161.5811,164.8424
2019-03-26,165.8932,166.2203
2019-03-27,166.3889,164.4261
2019-03-28,163.1374,164.1089
2019-03-29,164.9415,165.2389
2019-04-01,166.369,167.2315
2019-04-02,168.6589,172.6836
2019-04-03,172.9809,172.0293
2019-04-04,174.4877,174.4877
2019-04-05,175.3402,174.1903
2019-04-08,173.6848,173.4072
2019-04-09,174.0912,176.0341
2019-04-10,176.6289,176.2721
2019-04-11,176.6884,175.9648
2019-04-12,176.4505,177.5409
2019-04-15,176.9461,178.0861
2019-04-16,177.4418,177.3129
2019-04-17,178.0366,177.2237
2019-04-18,177.2435,176.728
2019-04-22,176.6983,179.8605
2019-04-23,181.1492,182.1802
2019-04-24,182.884,180.9906
2019-04-25,195.2653,191.5777
2019-04-26,190.8242,189.823
2019-04-29,189.2878,193.0844
2019-04-30,192.4996,191.7164
2019-05-01,193.0844,191.3497
2019-05-02,191.3199,190.854
2019-05-03,192.6879,193.7684
2019-05-06,189.5752,192.1923
2019-05-07,190.8639,188.118
2019-05-08,187.7413,187.89
2019-05-09,185.5704,187.0078
2019-05-10,186.6112,186.7005
2019-05-13,181.9026,179.9596
2019-05-14,180.9311,179.1567
2019-05-15,178.8494,184.6485
2019-05-16,183.4391,185.3622
2019-05-17,183.2309,183.6869
2019-05-20,180.2967,181.1294
2019-05-21,182.9633,183.2111
2019-05-22,183.1219,183.7068
2019-05-23,180.832,179.2955
2019-05-24,180.7428,179.4838
2019-05-28,179.9597,182.7056
2019-05-29,181.9026,180.604
2019-05-30,181.4862,181.4168
2019-05-31,178.7106,175.9251
2019-06-03,173.4766,162.7211
2019-06-04,162.2849,166.0419
2019-06-05,166.022,166.706
2019-06-06,166.8349,166.8647
2019-06-07,168.6886,171.841
2019-06-10,173.2288,173.2982
2019-06-11,176.9263,176.5496
2019-06-12,176.8272,173.5162
2019-06-13,174.002,175.9251
2019-06-14,178.9386,179.7515
2019-06-17,183.3994,187.3646
2019-06-18,192.3112,186.8293
2019-06-19,185.3721,185.848
2019-06-20,189.2877,187.8801
2019-06-21,187.1069,189.4761
2019-06-24,190.745,190.9234
2019-06-25,191.2009,187.1961
2019-06-26,187.89,186.0264
2019-06-27,188.2271,187.8504
2019-06-28,188.8913,191.3199
2019-07-01,193.5107,191.3199
2019-07-02,191.3199,193.3025
2019-07-03,192.4699,195.4834
2019-07-05,194.4722,194.6903
2019-07-08,193.4908,194.0559
2019-07-09,193.2728,197.4759
2019-07-10,198.259,200.9652
2019-07-11,201.4906,199.4783
2019-07-12,197.9418,203.0866
2019-07-15,202.472,202.1349
2019-07-16,202.1151,202.0656
2019-07-17,202.4026,200.0433
2019-07-18,198.4077,199.0322
2019-07-19,200.42,196.6333
2019-07-22,198.1698,200.5588
2019-07-23,201.0743,200.5984
2019-07-24,195.9096,202.8784
2019-07-25,204.9006,198.9628
2019-07-26,198.4473,198.0112
2019-07-29,197.2677,194.2343
2019-07-30,193.6891,195.3248
2019-07-31,195.2355,192.5392
2019-08-01,192.4797,191.0522
2019-08-02,189.4365,187.3746
2019-08-05,183.0822,180.148
2019-08-06,182.091,182.9038
2019-08-07,182.0017,183.5382
2019-08-08,184.9955,188.5047
2019-08-09,188.346,186.2148
2019-08-12,185.2235,183.7563
2019-08-13,183.905,186.8095
2019-08-14,184.1826,178.1456
2019-08-15,179.3748,181.0005
2019-08-16,182.1504,182.1009
2019-08-19,184.3908,184.5494
2019-08-20,183.8356,182.2099
2019-08-21,183.3896,181.9522
2019-08-22,181.8332,180.4553
2019-08-23,179.2658,176.2027
2019-08-26,177.8383,178.7899
2019-08-27,180.3463,179.7218
2019-08-28,178.9585,180.1777
2019-08-29,182.1703,183.9546
2019-08-30,185.1541,184.0537
2019-09-03,182.3982,180.8023
2019-09-04,183.0426,185.5109
2019-09-05,186.8889,189.2382
2019-09-06,188.5542,185.8579
2019-09-09,186.0958,187.1168
2019-09-10,185.8083,184.5494
2019-09-11,184.8369,186.8492
2019-09-12,188.2073,185.8381
2019-09-13,185.6993,185.5605
2019-09-16,185.3028,184.599
2019-09-17,185.0351,186.4427
2019-09-18,186.4526,186.5022
2019-09-19,187.0177,188.4848
2019-09-20,189.0003,188.2766
2019-09-23,187.6918,185.1937
2019-09-24,186.3436,179.7019
2019-09-25,179.8704,181.2087
2019-09-26,179.7515,178.5421
2019-09-27,178.9188,175.5583
2019-09-30,176.3216,176.5298
2019-10-01,177.5905,174.2796
2019-10-02,173.318,173.0801
2019-10-03,174.0416,177.8185
2019-10-04,177.987,178.8792
2019-10-07,178.4331,178.1159
2019-10-08,176.7082,176.2027
2019-10-09,177.6004,178.2844
2019-10-10,178.7503,178.4628
2019-10-11,180.5644,182.5866
2019-10-14,182.5965,181.6845
2019-10-15,182.2,187.2457
2019-10-16,186.6806,187.8999
2019-10-17,188.6434,188.7327
2019-10-18,188.574,184.2322
2019-10-21,185.4118,188.1081
2019-10-22,188.3461,180.7527
2019-10-23,180.4256,184.5295
2019-10-24,183.0128,184.7575
2019-10-25,184.2123,186.2544
2019-10-28,185.5704,187.7513
2019-10-29,190.0213,187.662
2019-10-30,187.9099,186.6113
2019-10-31,194.9877,189.9816
2019-11-01,191.1712,191.9345
2019-11-04,192.8564,193.0249
2019-11-05,193.6693,192.6284
2019-11-06,192.3409,189.8825
2019-11-07,190.2394,188.7624
2019-11-08,188.346,189.1787
2019-11-11,188.2766,187.9594
2019-11-12,188.346,192.7771
2019-11-13,193.0051,191.5083
2019-11-14,191.2505,191.4686
2019-11-15,192.569,193.4017
2019-11-18,192.8663,195.6816
2019-11-19,195.6816,197.5849
2019-11-20,196.8513,195.7906
2019-11-21,195.7014,196.207
2019-11-22,196.6531,197.0892
2019-11-25,197.7831,198.0508
2019-11-26,198.259,197.2379
2019-11-27,198.1599,200.2416
2019-11-29,199.845,199.8847
2019-12-02,200.3704,197.9616
2019-12-03,195.8799,197.0892
2019-12-04,198.259,196.9802
2019-12-05,198.1202,197.6246
2019-12-06,198.7546,199.2998
2019-12-09,198.9033,199.5873
2019-12-10,199.9045,199.1214
2019-12-11,198.5366,200.4993
2019-12-12,200.5886,195.0373
2019-12-13,194.6903,192.4202
2019-12-16,193.5702,196.1971
2019-12-17,197.1091,196.663
2019-12-18,198.3482,200.7372
2019-12-19,201.0148,204.2662
2019-12-20,205.6738,204.5041
2019-12-23,204.9007,204.3852
2019-12-24,204.5041,203.3344
2019-12-26,203.7805,205.9811
2019-12-27,206.8535,206.2885
2019-12-30,206.0506,202.6306
2019-12-31,202.2242,203.4633
2020-01-02,204.9502,207.9538
2020-01-03,205.4062,206.8535
2020-01-06,204.9006,210.7493
2020-01-07,210.9674,211.2053
2020-01-08,211.1458,213.3465
2020-01-09,215.6463,216.3997
2020-01-10,217.2918,216.1617
2020-01-13,217.6884,219.9783
2020-01-14,219.6808,217.153
2020-01-15,218.6896,219.2249
2020-01-16,220.6325,219.8395
2020-01-17,220.0972,220.2062
2020-01-21,220.2261,219.5123
2020-01-22,220.3748,219.3934
2020-01-23,218.8283,217.847
2020-01-24,218.8779,216.0428
2020-01-27,211.2449,212.9995
2020-01-28,214.2585,215.8941
2020-01-29,219.5123,221.2868
2020-01-30,204.7321,207.706
2020-01-31,206.6156,200.1523
2020-02-03,201.669,202.4125
2020-02-04,204.8214,208.0034
2020-02-05,210.66,208.2809
2020-02-06,208.6378,209.0145
2020-02-07,208.4693,210.4816
2020-02-10,209.6787,211.2053
2020-02-11,208.3603,205.3864
2020-02-12,206.0407,208.9253
2020-02-13,207.6961,211.2846
2020-02-14,212.1371,212.3155
2020-02-18,211.691,215.904
2020-02-19,216.0924,215.5967
2020-02-20,214.6352,212.7121
2020-02-21,211.6216,208.3504
2020-02-24,200.0433,198.9727
2020-02-25,200.4894,195.0571
2020-02-26,195.4735,195.4834
2020-02-27,190.1502,188.0982
2020-02-28,181.1096,190.7945
2020-03-02,192.341,194.73
2020-03-03,194.5119,184.2718
2020-03-04,187.5233,190.0907
2020-03-05,185.1541,183.5581
2020-03-06,176.7776,179.5136
2020-03-09,168.1236,168.0245
2020-03-10,173.1495,176.6388
2020-03-11,172.4952,168.7581
2020-03-12,158.1512,153.1253
2020-03-13,162.1065,168.7977
2020-03-16,150.9941,144.739
2020-03-17,149.4278,148.1193
2020-03-18,138.5335,145.6807
2020-03-19,145.3437,151.797
2020-03-20,154.6618,148.4266
2020-03-23,148.3572,146.8108
2020-03-24,153.8589,159.5787
2020-03-25,157.5366,154.8502
2020-03-26,156.8724,161.9181
2020-03-27,156.8229,155.4251
2020-03-30,157.7943,164.5054
2020-03-31,164.0395,165.348
2020-04-01,160.2131,158.2107
2020-04-02,157.715,156.8129
2020-04-03,155.782,152.8378
2020-04-06,158.7559,164.1089
2020-04-07,170.2945,167.3603
2020-04-08,169.7592,172.7628
2020-04-09,174.3687,173.6649
2020-04-13,172.1582,173.2684
2020-04-14,177.4219,176.619
2020-04-15,173.6649,175.4294
2020-04-16,176.4009,174.7157
2020-04-17,177.64,177.6797
2020-04-20,175.8656,176.6884
2020-04-21,173.7244,169.3132
2020-04-22,176.8966,180.6932
2020-04-23,182.4776,183.5184
2020-04-24,181.6349,188.4154
2020-04-27,190.9829,185.8678
2020-04-28,187.0177,181.3177
2020-04-29,189.2679,192.4996
2020-04-30,205.1187,202.928
2020-05-01,199.8451,200.5092
2020-05-04,198.4572,203.4732
2020-05-05,205.2178,205.2674
2020-05-06,206.3083,206.6553
2020-05-07,209.3219,209.421
2020-05-08,210.3924,210.5015
2020-05-11,209.0542,211.3242
2020-05-12,211.4333,208.2711
2020-05-13,207.6069,203.3146
2020-05-14,200.7967,205.0097
2020-05-15,203.4831,209.0443
2020-05-18,210.3032,211.3342
2020-05-19,211.4135,214.992
2020-05-20,221.5544,227.9681
2020-05-21,232.6767,229.3757
2020-05-22,229.4947,232.8651
2020-05-26,237.6828,230.1787
2020-05-27,227.0759,227.1453
2020-05-28,222.3474,223.4973
2020-05-29,223.2396,223.1306
2020-06-01,222.6349,229.8912
2020-06-02,228.9296,230.6942
2020-06-03,230.0894,228.1564
2020-06-04,227.5617,224.3201
2020-06-05,224.7365,228.7611
2020-06-08,227.0362,229.3856
2020-06-09,229.5046,236.5923
2020-06-10,238.8624,234.6693
2020-06-11,227.9384,222.4763
2020-06-12,227.8987,226.5902
2020-06-15,223.1305,230.476
2020-06-16,235.0757,233.5986
2020-06-17,232.9543,233.4797
2020-06-18,232.9444,233.8861
2020-06-19,235.72,236.7113
2020-06-22,236.4833,237.1376
2020-06-23,239.1796,240.1313
2020-06-24,239.1003,231.9828
2020-06-25,232.5776,233.6284
2020-06-26,230.6149,214.199
2020-06-29,207.9241,218.7193
2020-06-30,218.6697,225.0933
2020-07-01,226.5109,235.4821
2020-07-02,236.9195,231.3881
2020-07-06,231.7251,238.1883
2020-07-07,237.3259,238.7633
2020-07-08,236.0372,241.4596
2020-07-09,242.8672,242.3716
2020-07-10,241.5686,242.9366
2020-07-13,244.8597,236.9195
2020-07-14,234.699,237.6431
2020-07-15,239.4473,238.1883
2020-07-16,235.9282,238.8327
2020-07-17,238.9021,239.9231
2020-07-20,237.9702,243.2836
2020-07-21,244.0767,239.6456
2020-07-22,238.1685,237.7819
2020-07-23,237.544,230.5752
2020-07-24,228.1862,228.7016
2020-07-27,229.4451,231.4673
2020-07-28,232.5875,228.1168
2020-07-29,229.1279,231.2592
2020-07-30,228.2159,232.4586
2020-07-31,253.5931,251.4618
2020-08-03,250.4506,249.7666
2020-08-04,249.3702,247.6552
2020-08-05,248.0121,246.9514
2020-08-06,246.872,262.9707
2020-08-07,261.7811,266.1032
2020-08-10,265.7067,260.7105
2020-08-11,257.925,253.9004
2020-08-12,256.7157,257.6277
2020-08-13,259.2732,259.0254
2020-08-14,260.0265,258.9659
2020-08-17,260.215,258.8866
2020-08-18,258.6784,260.0563
2020-08-19,259.1146,260.3041
2020-08-20,259.2236,266.6682
2020-08-21,266.351,264.6856
2020-08-24,268.7103,269.0275
2020-08-25,270.0386,278.3754
2020-08-26,281.5277,301.2644
2020-08-27,297.5471,290.6675
2020-08-28,292.432,291.1036
2020-08-31,291.3912,290.6477
2020-09-01,292.1445,292.8682
2020-09-02,296.2782,299.8667
2020-09-03,293.4134,288.5858
2020-09-04,284.7494,280.2688
2020-09-08,268.9185,268.7996
2020-09-09,273.3694,271.3372
2020-09-10,273.1116,265.7562
2020-09-11,267.7091,264.2892
2020-09-14,268.5913,263.8331
2020-09-15,268.3138,270.0486
2020-09-16,264.9632,261.226
2020-09-17,256.0316,252.6018
2020-09-18,256.1506,250.3317
2020-09-21,245.3851,245.9898
2020-09-22,251.1049,252.5324
2020-09-23,253.0379,246.8523
2020-09-24,244.3542,247.3578
2020-09-25,247.2289,252.6018
2020-09-28,257.1419,254.5843
2020-09-29,255.5657,259.511
2020-09-30,259.6994,259.6201
2020-10-01,263.0401,264.3089
2020-10-02,258.9361,257.6772
2020-10-05,259.9176,262.3462
2020-10-06,259.5012,256.4083
2020-10-07,256.9535,255.873
2020-10-08,257.4888,261.4639
2020-10-09,262.2173,262.148
2020-10-12,267.8478,273.3495
2020-10-13,275.1636,273.7362
2020-10-14,275.2033,269.4538
2020-10-15,265.2705,264.3982
2020-10-16,265.0525,263.6151
2020-10-19,263.2185,259.1245
2020-10-20,260.77,265.2309
2020-10-21,277.1264,276.3037
2020-10-22,277.4337,275.6989
2020-10-23,276.373,282.3109
2020-10-26,280.695,274.6977
2020-10-27,276.3333,280.8239
2020-10-28,276.3631,265.3399
2020-10-29,274.1426,278.3853
2020-10-30,272.1104,260.8195
2020-11-02,262.2966,259.0848
2020-11-03,260.8692,262.9905
2020-11-04,278.5538,284.8783
2020-11-05,289.3589,292.1147
2020-11-06,291.3912,290.8559
2020-11-09,287.3467,276.3433
2020-11-10,270.7227,270.0585
2020-11-11,271.0894,274.0732
2020-11-12,274.7671,272.6853
2020-11-13,275.3024,274.5392
2020-11-16,272.6556,276.5316
2020-11-17,275.2628,272.6061
2020-11-18,272.1303,269.6025
2020-11-19,268.6607,270.564
2020-11-20,270.1873,267.3522
2020-11-23,268.5319,266.0933
2020-11-24,266.1528,274.5094
2020-11-25,275.7188,273.191
2020-11-27,274.9753,275.3917
2020-11-30,273.6272,274.559
2020-12-01,276.7299,284.0556
2020-12-02,282.8759,285.0171
2020-12-03,283.7581,279.3965
2020-12-04,277.86,277.2652
2020-12-07,276.7596,283.094
2020-12-08,283.5202,280.9329
2020-12-09,281.1907,275.5007
2020-12-10,273.1414,274.7076
2020-12-11,272.1402,271.1688
2020-12-14,270.9903,271.8032
2020-12-15,272.4376,273.1513
2020-12-16,272.3682,273.2703
2020-12-17,274.6581,272.0906
2020-12-18,273.3694,273.9939
2020-12-21,270.6037,270.4153
2020-12-22,269.1366,264.765
2020-12-23,264.5667,265.7761
2020-12-24,266.5394,265.0722
2020-12-28,266.4006,274.5887
2020-12-29,274.5391,274.3706
2020-12-30,275.5304,269.5034
2020-12-31,269.6322,270.7821
2021-01-04,272.388,266.5988
2021-01-05,265.9546,268.6112
2021-01-06,259.7192,261.0178
2021-01-07,263.5853,266.4006
2021-01-08,265.9743,265.2408
2021-01-11,258.2125,254.6042
2021-01-12,254.396,248.9042
2021-01-13,249.3602,249.4494
2021-01-14,251.1941,243.5017
2021-01-15,245.742,249.1719
2021-01-19,254.6636,258.8271
2021-01-20,266.5889,265.1516
2021-01-21,266.916,270.4946
2021-01-22,269.6421,272.1104
2021-01-25,275.7188,275.5899
2021-01-26,275.7188,279.5947
2021-01-27,280.0705,269.771
2021-01-28,274.7671,262.6931
2021-01-29,262.9905,256.0812
2021-02-01,257.2609,259.7292
2021-02-02,261.7018,264.755
2021-02-03,263.3078,264.3288
2021-02-04,264.6857,264.1702
2021-02-05,264.4774,265.7661
2021-02-08,266.4105,264.2594
2021-02-09,264.1206,267.1044
2021-02-10,270.0783,269.5034
2021-02-11,269.5231,268.0362
2021-02-12,268.165,268.1452
2021-02-16,268.4426,271.5851
2021-02-17,268.8788,271.1885
2021-02-18,267.2233,267.0449
2021-02-19,267.5108,259.2831
2021-02-22,255.7045,258.0638
2021-02-23,257.241,263.5456
2021-02-24,260.0464,262.0092
2021-02-25,260.0166,252.4729
2021-02-26,254.2374,255.3774
2021-03-01,258.5496,262.6039
2021-03-02,263.4664,256.7454
2021-03-03,258.0241,253.1866
2021-03-04,254.2374,255.3972
2021-03-05,258.4009,261.9794
2021-03-08,263.2383,253.0875
2021-03-09,258.9064,263.4267
2021-03-10,266.3015,262.594
2021-03-11,265.7761,271.4959
2021-03-12,266.7971,266.0635
2021-03-15,266.7376,271.367
2021-03-16,273.6767,276.8488
2021-03-17,273.3099,281.5377
2021-03-18,277.4337,276.1945
2021-03-19,278.7719,287.5845
2021-03-22,287.9217,290.9848
2021-03-23,290.5981,288.1
2021-03-24,288.4668,279.684
2021-03-25,278.5341,276.3135
2021-03-26,275.8773,280.5562
2021-03-29,283.2823,288.2884
2021-03-30,287.307,285.493
2021-03-31,287.4656,291.9661
2021-04-01,295.8024,296.0602
2021-04-05,298.2707,306.2209
2021-04-06,306.1515,303.594
2021-04-07,303.6733,310.3645
2021-04-08,312.1092,310.2951
2021-04-09,308.6893,309.74
2021-04-12,308.3423,308.828
2021-04-13,309.4922,307.0635
2021-04-14,304.6249,300.1839
2021-04-15,303.6733,305.1404
2021-04-16,305.4873,303.5146
2021-04-19,302.3549,299.6089
2021-04-20,299.3611,300.0154
2021-04-21,299.3215,298.8456
2021-04-22,298.7068,293.9387
2021-04-23,296.1593,298.5086
2021-04-26,300.6994,300.402
2021-04-27,301.6313,300.9275
2021-04-28,304.6844,304.4267
2021-04-29,327.2462,326.6415
2021-04-30,323.301,322.2502
2021-05-03,323.3307,319.7719
2021-05-04,317.2342,315.5886
2021-05-05,315.4201,312.2777
2021-05-06,311.7821,317.2342
2021-05-07,319.5736,316.3023
2021-05-10,311.6136,303.3065
2021-05-11,298.1319,303.8616
2021-05-12,298.5086,299.9162
2021-05-13,303.4155,302.6027
2021-05-14,306.8454,313.1897
2021-05-17,310.8205,312.7139
2021-05-18,312.8428,307.2618
2021-05-19,301.542,310.8602
2021-05-20,310.8502,315.8364
2021-05-21,316.5105,313.4772
2021-05-24,315.4399,321.804
2021-05-25,324.2327,324.9365
2021-05-26,325.4917,324.8077
2021-05-27,325.1447,329.8534
2021-05-28,328.1185,325.8683
2021-06-01,327.276,326.2649
2021-06-02,327.5039,326.2846
2021-06-03,322.9441,323.2018
2021-06-04,323.063,327.4742
2021-06-07,326.6119,333.65
2021-06-08,333.769,330.7752
2021-06-09,332.8173,327.3751
2021-06-10,327.9105,329.5659
2021-06-11,329.6849,328.3764
2021-06-14,329.0107,333.8383
2021-06-15,334.0565,333.8186
2021-06-16,333.769,328.1979
2021-06-17,327.613,333.5807
2021-06-18,331.6179,326.7903
2021-06-21,328.2078,329.3974
2021-06-22,329.7939,336.0787
2021-06-23,336.3959,337.6251
2021-06-24,338.8742,340.1926
2021-06-25,339.6077,338.3983
2021-06-28,339.4788,352.5441
2021-06-29,353.1686,348.8268
2021-06-30,349.1043,344.6831
2021-07-01,343.8009,351.3051
2021-07-02,352.0088,351.6123
2021-07-06,353.3967,349.709
2021-07-07,352.1674,347.4389
2021-07-08,342.7204,342.6411
2021-07-09,342.3139,347.3695
2021-07-12,348.1725,350.0857
2021-07-13,348.4401,349.025
2021-07-14,351.4735,344.6038
2021-07-15,346.19,341.4615
2021-07-16,341.9075,338.1902
2021-07-19,334.6314,334.0168
2021-07-20,335.8507,338.6858
2021-07-21,338.5272,343.2161
2021-07-22,343.6621,348.1328
2021-07-23,357.7682,366.571
2021-07-26,366.3627,369.2177
2021-07-27,368.6725,364.6082
2021-07-28,371.2994,370.0306
2021-07-29,357.8575,355.2008
2021-07-30,350.9183,353.1983
2021-08-02,354.9827,348.8863
2021-08-03,349.6594,348.1824
2021-08-04,349.3521,355.7955
2021-08-05,356.5093,359.8103
2021-08-06,358.254,360.3456
2021-08-09,360.5934,358.4621
2021-08-10,358.6802,357.9863
2021-08-11,358.9479,356.8265
2021-08-12,355.3297,359.4931
2021-08-13,359.8103,360.0185
2021-08-16,359.3642,363.369
2021-08-17,359.8202,355.3297
2021-08-18,353.1488,352.3558
2021-08-19,348.2915,352.0286
2021-08-20,351.5132,356.2416
2021-08-23,356.3111,360.187
2021-08-24,360.4943,362.3282
2021-08-25,362.4174,365.1831
2021-08-26,365.1732,361.2081
2021-08-27,361.9218,369.3862
2021-08-30,369.3168,377.3463
2021-08-31,376.6425,376.0775
2021-09-01,376.2856,378.7242
2021-09-02,378.179,372.0132
2021-09-03,371.4878,372.9846
2021-09-07,372.6079,378.8531
2021-09-08,376.8507,374.2832
2021-09-09,374.3526,374.7095
2021-09-10,378.0402,375.3934
2021-09-13,378.3574,373.2324
2021-09-14,374.1147,373.2523
2021-09-15,373.7182,370.665
2021-09-16,369.5448,369.8125
2021-09-17,368.1768,361.5451
2021-09-20,356.1722,352.6036
2021-09-21,355.3792,354.3681
2021-09-22,344.2073,340.2223
2021-09-23,342.3536,342.9484
2021-09-24,340.252,349.8874
2021-09-27,346.7648,350.502
2021-09-28,344.9409,337.6846
2021-09-29,340.1628,336.6536
2021-09-30,337.4864,336.4356
2021-10-01,338.6362,340.0241
2021-10-04,332.6092,323.3901
2021-10-05,325.7196,330.0615
2021-10-06,326.8696,330.7356
2021-10-07,334.0664,326.3541
2021-10-08,328.6241,327.1768
2021-10-11,324.778,322.617
2021-10-12,320.218,320.9515
2021-10-13,324.1237,321.7149
2021-10-14,325.5016,325.6701
2021-10-15,325.8188,321.933
2021-10-18,326.0865,332.4208
2021-10-19,336.6933,337.0303
2021-10-20,340.4602,337.8134
2021-10-21,337.3178,338.9039
2021-10-22,323.5091,321.7842
2021-10-25,317.5117,325.8287
2021-10-26,325.4025,313.0608
2021-10-27,311.4549,309.5021
2021-10-28,310.2654,314.1613
2021-10-29,317.4027,320.7532
2021-11-01,323.2018,327.1075
2021-11-02,328.4953,325.224
2021-11-03,324.6392,328.7332
2021-11-04,331.1024,332.9264
2021-11-05,337.3476,338.1604
2021-11-08,341.4218,335.6722
2021-11-09,337.0403,332.4506
2021-11-10,329.5956,324.7879
2021-11-11,326.9489,324.887
2021-11-12,327.3057,337.9225
2021-11-15,341.3425,344.5344
2021-11-16,340.8369,339.9745
2021-11-17,341.2433,337.8035
2021-11-18,336.7627,335.7417
2021-11-19,339.2211,342.2941
2021-11-22,346.0115,338.0415
2021-11-23,335.9796,334.3142
2021-11-24,333.0751,338.091
2021-11-26,332.8768,330.2201
2021-11-29,333.9574,335.0874
2021-11-30,332.0838,321.6356
2021-12-01,327.4148,307.8962
2021-12-02,308.6892,307.688
2021-12-03,310.999,304.1689
2021-12-06,305.4477,315.1029
2021-12-07,318.7707,319.9999
2021-12-08,322.1708,327.6824
2021-12-09,326.6713,326.9489
2021-12-10,329.665,326.8795
2021-12-13,328.0691,331.5782
2021-12-14,325.1943,330.8347
2021-12-15,329.5956,338.6858
2021-12-16,336.0292,331.9847
2021-12-17,329.9029,330.8843
2021-12-20,326.9093,322.617
2021-12-21,323.5686,331.2908
2021-12-22,330.8942,327.5734
2021-12-23,327.2264,332.3217
2021-12-27,335.9003,343.1664
2021-12-28,343.6125,343.2061
2021-12-29,343.8901,339.9547
2021-12-30,341.0054,341.3622
2021-12-31,340.034,333.4221
2022-01-03,335.355,335.593
2022-01-04,336.9907,333.6005
2022-01-05,330.121,321.3481
2022-01-06,320.0099,329.5659
2022-01-07,329.8434,328.9017
2022-01-10,322.4782,325.2142
2022-01-11,323.9354,331.4593
2022-01-12,332.2622,330.359
2022-01-13,332.064,323.638
2022-01-14,318.9888,329.0108
2022-01-18,320.4758,315.3805
2022-01-19,316.798,316.8079
2022-01-20,321.0804,313.8043
2022-01-21,312.0695,300.5309
2022-01-24,295.2472,306.0226
2022-01-25,297.3389,297.5372
2022-01-26,304.3375,292.0652
2022-01-27,295.1581,292.0752
2022-01-28,293.0466,299.0836
2022-01-31,298.0625,310.5331
2022-02-01,311.8217,316.2231
2022-02-02,324.9663,320.1883
2022-02-03,242.5203,235.6902
2022-02-04,232.9246,235.0261
2022-02-07,235.6308,222.9521
2022-02-08,218.9275,218.2633
2022-02-09,222.2483,229.9804
2022-02-10,226.2829,226.0846
2022-02-11,226.4712,217.6388
2022-02-14,217.4009,215.8049
2022-02-15,218.5508,219.0762
2022-02-16,210.5609,214.655
2022-02-17,212.1569,205.9019
2022-02-18,207.5673,204.3654
2022-02-22,200.5786,200.3209
2022-02-23,202.3828,196.7225
2022-02-24,189.3968,205.7928
2022-02-25,203.156,208.6478
2022-02-28,205.8721,209.1929
2022-03-01,208.043,201.7186
2022-03-02,202.9974,206.2984
2022-03-03,207.2004,201.2031
2022-03-04,200.6083,198.3184
2022-03-07,199.0421,185.8381
2022-03-08,186.2147,188.6335
2022-03-09,194.0361,196.772
2022-03-10,193.1439,193.5107
2022-03-11,190.9631,185.9769
2022-03-14,185.4019,185.0054
2022-03-15,189.1391,190.3584
2022-03-16,193.0051,201.8574
2022-03-17,199.9442,206.0307
2022-03-18,204.9006,214.6054
2022-03-21,212.6328,209.649
2022-03-22,209.53,214.764
2022-03-23,211.4729,211.6018
2022-03-24,213.1284,217.6586
2022-03-25,218.5904,219.8891
2022-03-28,220.1964,221.6436
2022-03-29,224.1021,227.8591
2022-03-30,226.9173,225.8665
2022-03-31,226.4613,220.4243
2022-04-01,222.5953,222.8927
2022-04-04,224.0128,231.854
2022-04-05,232.0423,229.8218
2022-04-06,224.9347,221.3561
2022-04-07,221.9807,221.0092
2022-04-08,220.4441,220.3946
2022-04-11,216.5186,214.5757
2022-04-12,218.3228,212.2759
2022-04-13,209.9761,213.1185
2022-04-14,213.0194,208.3504
2022-04-18,208.1719,208.9352
2022-04-19,208.6874,215.4183
2022-04-20,211.7505,198.6753
2022-04-21,199.845,186.4328
2022-04-22,188.7128,182.5073
2022-04-25,181.1393,185.3622
2022-04-26,185.0054,179.3748
2022-04-27,172.9116,173.427
2022-04-28,201.1536,203.9391
2022-04-29,202.6802,198.7249
2022-05-02,199.4188,209.2921
2022-05-03,208.618,210.1843
2022-05-04,208.8163,221.4652
2022-05-05,216.8359,206.4669
2022-05-06,205.5351,201.9962
2022-05-09,198.1004,194.502
2022-05-10,197.7733,195.9294
2022-05-11,194.621,187.097
2022-05-12,185.4316,189.5753
2022-05-13,190.9036,196.891
2022-05-16,195.3347,198.2986
2022-05-17,200.3605,200.8562
2022-05-18,198.259,190.5666
2022-05-19,189.5356,189.6248
2022-05-20,193.2728,191.8552
2022-05-23,193.4909,194.5218
2022-05-24,178.9783,179.7019
2022-05-25,178.8296,182.2297
2022-05-26,181.288,189.9618
2022-05-27,189.6942,193.4314
2022-05-31,193.1935,191.9543
2022-06-01,194.7994,186.9979
2022-06-02,186.8095,197.1289
2022-06-03,194.274,189.1192
2022-06-06,192.3013,192.559
2022-06-07,190.2592,193.9468
2022-06-08,192.9754,194.9282
2022-06-09,192.5888,182.3983
2022-06-10,181.4466,174.0416
2022-06-13,169.105,162.8301
2022-06-14,164.5847,162.3047
2022-06-15,165.7445,167.8758
2022-06-16,162.2948,159.4696
2022-06-17,160.2725,162.3146
2022-06-21,164.4856,155.6829
2022-06-22,157.0013,154.4933
2022-06-23,154.9097,157.3681
2022-06-24,160.3221,168.6787
2022-06-27,169.8287,168.0146
2022-06-28,168.421,159.2813
2022-06-29,162.1461,162.5129
2022-06-30,160.7385,159.8463
2022-07-01,158.9145,158.6369
2022-07-05,156.7634,166.7259
2022-07-06,166.7358,168.2921
2022-07-07,167.9749,170.6911
2022-07-08,168.5003,169.3925
2022-07-11,165.6157,161.4621
2022-07-12,163.3654,161.8487
2022-07-13,158.7658,162.0668
2022-07-14,159.8166,156.6742
2022-07-15,159.1425,163.2663
2022-07-18,165.2984,165.7742
2022-07-19,168.8869,174.2498
2022-07-20,175.9449,181.4962
2022-07-21,179.0576,181.5755
2022-07-22,171.5634,167.7965
2022-07-25,167.5288,165.1993
2022-07-26,164.4955,157.7646
2022-07-27,161.1746,168.1038
2022-07-28,159.658,159.3209
2022-07-29,156.3173,157.715
2022-08-01,155.8811,158.5378
2022-08-02,156.9319,158.7955
2022-08-03,161.2738,167.3306
2022-08-04,166.8349,169.0852
2022-08-05,165.5363,165.6553
2022-08-08,166.5375,168.7679
2022-08-09,167.4793,167.0629
2022-08-10,174.458,176.7875
2022-08-11,178.1456,175.9449
2022-08-12,179.236,178.9287
2022-08-15,177.4021,179.3153
2022-08-16,177.878,177.9077
2022-08-17,175.2213,173.3279
2022-08-18,172.8223,173.1396
2022-08-19,168.7184,166.4979
2022-08-22,164.0494,161.6307
2022-08-23,161.0656,159.7075
2022-08-24,159.202,161.8388
2022-08-25,163.7421,167.3108
2022-08-26,167.0134,160.3717
2022-08-29,159.2615,157.7844
2022-08-30,158.9541,155.7919
2022-08-31,165.6156,161.5117
2022-09-01,162.156,163.9205
2022-09-02,165.9923,158.9244
2022-09-06,158.7063,157.1599
2022-09-07,156.3867,158.9938
2022-09-08,157.3284,160.6492
2022-09-09,161.8289,167.6775
2022-09-12,165.9328,167.4892
2022-09-13,160.1338,151.797
2022-09-14,151.9953,150.1514
2022-09-15,148.496,148.2482
2022-09-16,146.7612,145.0165
2022-09-19,143.9757,146.7315
2022-09-20,144.511,144.8183
2022-09-21,145.1157,140.8828
2022-09-22,140.3178,141.5768
2022-09-23,140.1889,139.1877
2022-09-26,138.9002,135.1829
2022-09-27,136.7194,133.23
2022-09-28,133.4481,140.3773
2022-09-29,138.1468,135.2225
2022-09-30,134.8657,134.4989
2022-10-03,135.9462,137.4034
2022-10-04,139.267,139.0588
2022-10-05,137.0366,137.7702
2022-10-06,136.5211,137.8594
2022-10-07,135.5695,132.2883
2022-10-10,132.3874,132.6253
2022-10-11,130.4742,127.421
2022-10-12,127.203,126.3901
2022-10-13,122.4547,129.1558
2022-10-14,129.8596,125.6565
2022-10-17,129.1658,132.8732
2022-10-18,135.8966,131.644
2022-10-19,131.7332,132.0702
2022-10-20,131.7728,130.385
2022-10-21,125.2105,128.8783
2022-10-24,126.1423,128.5908
2022-10-25,129.7407,136.3129
2022-10-26,130.5337,128.6899
2022-10-27,97.1271,97.0874
2022-10-28,98.7131,98.3364
2022-10-31,97.365,92.3491
2022-11-01,93.5089,94.3713
2022-11-02,93.3899,89.7518
2022-11-03,89.2958,88.136
2022-11-04,89.5635,89.9997
2022-11-07,93.9549,95.878
2022-11-08,95.085,95.6302
2022-11-09,100.8345,100.5867
2022-11-10,106.1875,110.8962
2022-11-11,108.2791,112.0361
2022-11-14,110.0238,113.2257
2022-11-15,115.0596,116.0608
2022-11-16,113.5033,112.2443
2022-11-17,109.4489,110.4798
2022-11-18,112.8094,111.0746
2022-11-21,110.5492,108.9037
2022-11-22,108.9036,110.4699
2022-11-23,110.7475,111.2629
2022-11-25,110.3311,110.4402
2022-11-28,109.8156,107.8331
2022-11-29,108.5865,108.5071
2022-11-30,108.5567,117.0719
2022-12-01,118.1624,119.3916
2022-12-02,116.8043,122.415
2022-12-05,120.6901,121.3642
2022-12-06,118.8662,113.1266
2022-12-07,112.7697,112.9382
2022-12-08,115.3768,114.326
2022-12-09,114.2963,114.8911
2022-12-12,114.1773,113.7114
2022-12-13,121.0668,119.1041
2022-12-14,118.3507,120.5315
2022-12-15,117.2999,115.1389
2022-12-16,119.1834,118.3903
2022-12-19,115.813,113.4834
2022-12-20,112.2741,116.0707
2022-12-21,115.6841,118.7175
2022-12-22,116.1798,116.1005
2022-12-23,115.0199,117.0124
2022-12-27,116.9034,115.8625
2022-12-28,115.238,114.6135
2022-12-29,115.3867,119.2131
2022-12-30,117.1314,119.2924
2023-01-03,121.7508,123.6541
2023-01-04,126.2711,126.2612
2023-01-05,125.032,125.835
2023-01-06,127.8473,128.8882
2023-01-09,130.0182,128.3429
2023-01-10,126.1621,131.8323
2023-01-11,129.82,131.7332
2023-01-12,132.2784,135.5199
2023-01-13,133.7951,135.7876
2023-01-17,134.9945,134.1817
2023-01-18,134.6278,131.8621
2023-01-19,131.3367,134.9648
2023-01-20,134.7071,138.1568
2023-01-23,138.0774,142.0228
2023-01-24,140.4566,141.894
2023-01-25,139.9907,140.2682
2023-01-26,143.143,146.0177
2023-01-27,146.9496,150.4191
2023-01-30,148.1094,145.7798
2023-01-31,146.6621,147.6732
2023-02-01,146.7414,151.7871
2023-02-02,181.7837,187.1267
2023-02-03,181.8729,184.9062
2023-02-06,184.9062,184.4403
2023-02-07,183.9645,189.9519
2023-02-08,188.346,181.8332
2023-02-09,184.5097,176.3712
2023-02-10,174.8148,172.634
2023-02-13,176.6686,177.868
2023-02-14,175.6178,177.9176
2023-02-15,174.8842,175.6178
2023-02-16,171.2462,170.9389
2023-02-17,168.7382,171.375
2023-02-21,172.7926,170.582
2023-02-22,169.5808,169.6303
2023-02-23,170.5027,170.5424
2023-02-24,167.172,168.9067
2023-02-27,170.3838,168.0641
2023-02-28,170.4036,173.4171
2023-03-01,173.0702,171.9104
2023-03-02,170.8794,173.0107
2023-03-03,177.3625,183.6374
2023-03-06,186.3634,183.2904
2023-03-07,187.3547,182.9038
2023-03-08,181.2781,183.3598
2023-03-09,184.7278,180.1084
2023-03-10,179.4343,177.9473
2023-03-13,176.4108,179.3252
2023-03-14,185.9471,192.331
2023-03-15,191.2703,196.0286
2023-03-16,196.5341,203.146
2023-03-17,198.8141,193.9072
2023-03-20,196.7522,196.088
2023-03-21,201.4311,200.4002
2023-03-22,200.7372,198.0706
2023-03-23,201.0743,202.5017
2023-03-24,203.3939,204.2166
2023-03-27,203.0271,201.0743
2023-03-28,198.4077,198.9331
2023-03-29,201.788,203.5624
2023-03-30,201.6095,206.0307
2023-03-31,205.436,210.0951
2023-04-03,207.022,211.2152
2023-04-04,211.5324,212.8508
2023-04-05,212.2858,209.639
2023-04-06,207.4285,214.2188
2023-04-10,212.8409,212.8806
2023-04-11,213.6042,211.9884
2023-04-12,212.9698,212.1371
2023-04-13,213.852,218.4318
2023-04-14,215.9833,219.5619
2023-04-17,217.8767,216.9548
2023-04-18,217.9956,215.9932
2023-04-19,211.6117,213.8223
2023-04-20,211.6216,211.2152
2023-04-21,208.3801,211.0368
2023-04-24,211.8199,210.9376
2023-04-25,208.9848,205.7432
2023-04-26,210.6502,207.5771
2023-04-27,237.8017,236.4833
2023-04-28,236.9294,238.228
2023-05-01,236.5428,241.0631
2023-05-02,241.0631,237.1574
2023-05-03,237.3854,234.9666
2023-05-04,234.0051,231.4872
2023-05-05,230.2183,230.7536
2023-05-08,229.4055,231.2394
2023-05-09,229.4451,231.3385
2023-05-10,234.1141,231.051
2023-05-11,231.0213,233.7374
2023-05-12,234.6792,231.7747
2023-05-15,234.8576,236.7807
2023-05-16,233.7374,236.741
2023-05-17,236.3743,240.3791
2023-05-18,239.1994,244.7011
2023-05-19,245.3157,243.5017
2023-05-22,243.2737,246.1583
2023-05-23,244.6615,244.5921
2023-05-24,243.1448,247.0406
2023-05-25,251.1941,250.4903
2023-05-26,250.7282,259.7589
2023-05-30,262.941,260.2348
2023-05-31,257.7366,262.4156
2023-06-01,263.5853,270.2369
2023-06-02,270.2865,270.2369
2023-06-05,267.947,269.0275
2023-06-06,267.7884,268.7599
2023-06-07,269.3051,261.3053
2023-06-08,258.3512,262.2768
2023-06-09,260.1951,262.6436
2023-06-12,264.8443,268.6905
2023-06-13,272.4871,268.9581
2023-06-14,269.5232,270.9705
2023-06-15,269.9296,279.3766
2023-06-16,282.2712,278.5539
2023-06-20,276.3036,281.8549
2023-06-21,281.0619,279.1883
2023-06-22,276.6505,282.4001
2023-06-23,279.0595,286.2166
2023-06-26,286.1869,276.0459
2023-06-27,279.5551,284.5512
2023-06-28,282.3407,282.8066
2023-06-29,282.0234,279.0793
2023-06-30,282.2811,284.4818
2023-07-03,284.2042,283.5301
2023-07-05,285.146,291.8075
2023-07-06,293.3143,289.4482
2023-07-07,289.6365,288.0009
2023-07-10,292.9772,291.5398
2023-07-11,291.3416,295.6934
2023-07-12,299.1233,306.6472
2023-07-13,310.8899,310.6817
2023-07-14,309.0758,306.1812
2023-07-17,304.8628,307.916
2023-07-18,308.1738,309.3336
2023-07-19,310.305,313.2591
2023-07-20,310.7709,299.8865
2023-07-21,301.9187,291.6985
2023-07-24,293.2052,289.0715
2023-07-25,292.6203,291.9066
2023-07-26,298.5681,295.9709
2023-07-27,322.2898,308.9965
2023-07-28,314.1215,322.6467
2023-07-31,320.8723,315.8266
2023-08-01,314.7757,319.9007
2023-08-02,315.2317,311.5739
2023-08-03,307.232,310.4636
2023-08-04,312.2182,308.0251
2023-08-07,310.5033,313.8043
2023-08-08,311.6631,309.9184
2023-08-09,310.1564,302.5531
2023-08-10,305.2594,303.0785
2023-08-11,299.9361,299.0142
2023-08-14,298.3599,303.5245
2023-08-15,303.475,299.3214
2023-08-16,297.5867,291.7282
2023-08-17,290.499,282.6083
2023-08-18,276.601,280.7843
2023-08-21,280.9825,287.3764
2023-08-22,290.0033,285.0964
2023-08-23,285.9885,291.6786
2023-08-24,295.9015,284.2538
2023-08-25,283.6392,283.0146
2023-08-28,285.4929,287.7332
2023-08-29,286.0679,295.396
2023-08-30,294.5831,292.5311
2023-08-31,293.225,293.3142
2023-09-01,296.7639,293.8
2023-09-05,294.4344,297.5372
2023-09-06,299.0836,296.5657
2023-09-07,295.4059,296.0701
2023-09-08,296.6153,295.2969
2023-09-11,298.7862,304.8827
2023-09-12,303.6634,299.034
2023-09-13,299.7279,302.4044
2023-09-14,304.0698,309.0064
2023-09-15,308.8974,297.6957
2023-09-18,295.5942,299.9162
2023-09-19,299.8469,302.4143
2023-09-20,302.3945,297.0614
2023-09-21,293.1259,293.1557
2023-09-22,296.6946,296.4765
2023-09-25,293.0664,298.2112
2023-09-26,295.0688,296.3575
2023-09-27,297.8346,295.1481
2023-09-28,296.3377,301.314
2023-09-29,304.7042,297.5966
2023-10-02,300.1046,304.1491
2023-10-03,301.6114,298.3203
2023-10-04,296.1295,302.9199
2023-10-05,301.9781,302.1367
2023-10-06,298.8159,312.6841
2023-10-09,309.7796,315.5886
2023-10-10,316.342,319.0383
2023-10-11,320.1982,324.9663
2023-10-12,325.1447,321.3381
2023-10-13,320.7136,311.9506
2023-10-16,315.8662,318.3544
2023-10-17,315.4102,321.1795
2023-10-18,318.5923,314.2108
2023-10-19,317.0954,310.0869
2023-10-20,311.4054,305.9632
2023-10-23,306.8058,311.2765
2023-10-24,314.0224,309.8292
2023-10-25,307.3014,296.9226
2023-10-26,292.432,285.8399
2023-10-27,291.9165,294.1469
2023-10-30,296.4864,300.0253
2023-10-31,300.6696,298.6473
2023-11-01,299.2224,309.1353
2023-11-02,314.5378,308.1638
2023-11-03,309.8292,311.8614
2023-11-06,313.2294,313.0509
2023-11-07,314.3,316.0446
2023-11-08,315.3706,316.9963
2023-11-09,316.6394,317.7595
2023-11-10,317.1549,325.908
2023-11-13,323.3604,326.3243
2023-11-14,331.6278,333.3824
2023-11-15,334.9883,329.8137
2023-11-16,326.5028,331.2809
2023-11-17,327.3851,332.1234
2023-11-20,331.9748,337.0105
2023-11-21,335.3848,334.0466
2023-11-22,336.2571,338.5172
2023-11-24,337.1691,335.2857
2023-11-27,333.2535,331.7864
2023-11-28,330.4977,336.039
2023-11-29,336.733,329.3082
2023-11-30,329.0008,324.3021
2023-12-01,322.6467,321.9924
2023-12-04,314.528,317.2342
2023-12-05,316.2032,315.5192
2023-12-06,319.1276,314.6866
2023-12-07,315.0038,323.747
2023-12-08,320.2775,329.8534
2023-12-11,326.5325,322.4483
2023-12-12,321.7743,331.3106
2023-12-13,331.0231,331.826
2023-12-14,330.9438,330.2697
2023-12-15,329.1,332.0045
2023-12-18,334.5422,341.62
2023-12-19,342.5716,347.31
2023-12-20,345.6149,346.2394
2023-12-21,349.9073,351.0076
2023-12-22,352.4846,350.3137
2023-12-26,351.8998,351.7411
2023-12-27,352.9704,354.7151
2023-12-28,356.5688,355.2008
2023-12-29,355.865,350.8788
2024-01-02,348.2617,343.2755
2024-01-03,341.9769,341.4713
2024-01-04,341.501,344.0982
2024-01-05,343.9694,348.8863
2024-01-08,351.6123,355.5378
2024-01-09,353.2975,354.3185
2024-01-10,357.0347,367.245
2024-01-11,368.8906,366.452
2024-01-12,366.9377,371.23
2024-01-16,370.3973,364.2612
2024-01-17,363.1113,365.1632
2024-01-18,368.2561,372.8557
2024-01-19,375.7007,380.112
2024-01-22,384.5728,378.4565
2024-01-23,381.2719,381.8468
2024-01-24,386.605,387.299
2024-01-25,386.7735,389.7573
2024-01-26,390.9171,390.709
2024-01-29,391.5515,397.5291
2024-01-30,400.0767,396.5774
2024-01-31,385.6137,386.7438
2024-02-01,390.5107,391.3434
2024-02-02,455.5991,470.8551
2024-02-05,465.7897,455.4108
2024-02-06,459.9608,450.7616
2024-02-07,454.013,465.5021
2024-02-08,464.2432,465.9086
2024-02-09,468.8329,464.035
2024-02-12,464.1143,464.8181
2024-02-13,452.8929,456.1146
2024-02-14,463.8566,469.1601
2024-02-15,471.1426,479.8165
2024-02-16,473.948,469.1997
2024-02-20,465.631,467.6433
2024-02-21,462.9297,464.448
2024-02-22,476.5646,482.4095
2024-02-23,484.3148,480.3256
2024-02-26,479.7698,478.053
2024-02-27,476.3066,483.3224
2024-02-28,481.2882,480.3156
2024-02-29,484.7018,486.3789
2024-03-01,488.3437,498.4557
2024-03-04,499.1504,494.3772
2024-03-05,491.2116,486.4682
2024-03-06,493.8215,492.2932
2024-03-07,499.4282,508.2701
2024-03-08,510.2547,502.0778
2024-03-11,493.2062,479.8889
2024-03-12,489.4849,495.9253
2024-03-13,491.5986,491.7773
2024-03-14,496.4314,488.0659
2024-03-15,485.2674,480.395
2024-03-18,488.1452,493.1765
2024-03-19,484.4339,492.4421
2024-03-20,495.6771,501.6511
2024-03-21,510.7708,503.874
2024-03-22,503.1198,505.68
2024-03-25,501.9191,499.1703
2024-03-26,501.2641,492.0948
2024-03-27,495.4786,490.0803
2024-03-28,489.0682,481.8637
2024-04-01,483.4713,487.5896
2024-04-02,481.3874,493.5634
2024-04-03,495.1115,502.8618
2024-04-04,512.4676,507.0098
2024-04-05,512.9042,523.304
2024-04-08,525.2292,515.2759
2024-04-09,518.2331,512.9439
2024-04-10,505.3922,515.8516
2024-04-11,517.1218,519.1561
2024-04-12,513.7875,507.9823
2024-04-15,512.7653,496.4015
2024-04-16,494.2978,495.9352
2024-04-17,499.2496,490.388
2024-04-18,495.9947,497.9595
2024-04-19,498.9519,477.3882
2024-04-22,485.972,478.0432
2024-04-23,487.4903,492.3032
2024-04-24,504.1716,489.7231
2024-04-25,418.1749,438.002
2024-04-26,438.0813,439.8973
2024-04-29,436.1959,429.309
2024-04-30,427.751,426.8777
2024-05-01,425.3198,435.8288
2024-05-02,435.4814,438.2996
2024-05-03,442.5171,448.501
2024-05-06,452.0933,462.116
2024-05-07,462.7213,464.6564
2024-05-08,459.9527,468.9831
2024-05-09,466.403,471.7815
2024-05-10,473.4386,472.5555
2024-05-13,469.1319,464.4282
2024-05-14,459.8236,468.2387
2024-05-15,471.3449,477.8546
2024-05-16,471.3647,469.6082
2024-05-17,467.2266,468.2983
2024-05-20,466.3533,465.2518
2024-05-21,463.545,461.074
2024-05-22,464.2892,464.1999
2024-05-23,469.2609,462.2152
2024-05-24,464.0411,474.56
2024-05-28,472.9326,476.247
2024-05-29,471.0273,470.7296
2024-05-30,468.0602,463.4755
2024-05-31,462.2351,463.2572
2024-06-03,467.2563,473.8356
2024-06-04,473.3494,473.3394
2024-06-05,480.7424,491.2711
2024-06-06,489.2071,489.9811
2024-06-07,492.1146,489.1872
2024-06-10,490.0803,498.7534
2024-06-11,496.3321,503.5862
2024-06-12,510.0562,504.9456
2024-06-13,501.8396,500.2419
2024-06-14,499.2983,500.7983
2024-06-17,498.3249,503.2518
2024-06-18,501.1955,496.1593
2024-06-20,498.6526,498.3546
2024-06-21,500.093,491.4808
2024-06-24,495.8713,495.5832
2024-06-25,493.7356,507.1953
2024-06-26,503.2716,509.6985
2024-06-27,510.8209,516.0955
2024-06-28,513.7016,500.8578
2024-07-01,501.5829,501.3147
2024-07-02,497.4209,506.1026
2024-07-03,502.9935,506.5595
2024-07-05,508.1886,536.3098
2024-07-08,538.7336,525.7905
2024-07-09,530.1909,526.4659
2024-07-10,527.2506,531.1246
2024-07-11,527.35,509.2813
2024-07-12,494.4409,495.5435
2024-07-15,495.3051,492.8516
2024-07-16,498.156,486.524
2024-07-17,475.9749,458.9094
2024-07-18,471.8327,472.677
2024-07-19,472.8856,473.6107
2024-07-22,483.3355,484.15
2024-07-23,486.5737,485.4314
2024-07-24,469.1606,458.1942
2024-07-25,460.171,450.3866
2024-07-26,461.1047,462.5947
2024-07-29,466.7468,462.6046
2024-07-30,463.886,460.1014
2024-07-31,467.8792,471.6638
2024-08-01,517.5259,494.421
2024-08-02,485.7393,484.8851
2024-08-05,448.3404,472.5578
2024-08-06,475.806,490.7954
2024-08-07,499.7751,485.6598
2024-08-08,494.1827,506.2318
2024-08-09,504.3246,514.3175
2024-08-12,513.4135,512.5096
2024-08-13,516.5425,525.0156
2024-08-14,524.5388,523.2475
2024-08-15,528.244,533.7471
2024-08-16,528.3532,523.903
2024-08-19,523.3568,525.7507
2024-08-20,524.8269,523.2177
2024-08-21,523.635,531.5915
2024-08-22,533.4193,528.3831
2024-08-23,533.3398,524.4792
2024-08-26,524.0819,517.6451
2024-08-27,515.5193,515.6385
2024-08-28,514.2181,513.3341
2024-08-29,515.5889,514.7645
2024-08-30,517.8736,517.8339
2024-09-03,516.175,508.3476
2024-09-04,502.6955,509.321
2024-09-05,508.3079,513.4136
2024-09-06,518.4001,496.9341
2024-09-09,502.7849,501.424
2024-09-10,504.7715,501.424
2024-09-11,503.6292,508.4171
2024-09-12,513.6023,522.0953
2024-09-13,516.8703,521.1218
2024-09-16,521.5393,530.2294
2024-09-17,534.5247,533.2521
2024-09-18,533.9977,534.8727
2024-09-19,546.8538,555.9017
2024-09-20,556.7966,558.1389
2024-09-23,566.2422,561.1813
2024-09-24,563.4384,560.1075
2024-09-25,560.8233,565.0589
2024-09-26,572.4366,564.5917
2024-09-27,566.8388,564.1145
2024-09-30,564.4525,569.1654
2024-10-01,574.6737,573.1723
2024-10-02,571.5715,569.5333
2024-10-03,566.8885,579.4363
2024-10-04,580.3908,592.5309
2024-10-07,594.7979,581.4349
2024-10-08,586.3168,589.4985
2024-10-09,590.5921,587.132
2024-10-10,584.2088,580.4902
2024-10-11,581.4845,586.5752
2024-10-14,590.8208,587.0425
2024-10-15,586.784,582.9163
2024-10-16,578.0741,573.4904
2024-10-17,579.9931,573.6297
2024-10-18,577.7758,573.1723
2024-10-21,572.7349,571.8698
2024-10-22,571.0048,578.6807
2024-10-23,576.6523,560.4655
2024-10-24,563.8857,564.532
2024-10-25,570.6469,569.9708
2024-10-28,578.6707,574.8526
2024-10-29,576.8313,589.8862
2024-10-30,597.5421,588.4146
2024-10-31,581.6535,564.3332
2024-11-01,564.3631,563.9156
2024-11-04,560.873,557.4726
2024-11-05,564.0548,569.1555
2024-11-06,559.5307,568.7775
2024-11-07,573.59,588.3153
2024-11-08,588.1561,585.9688
2024-11-11,583.0057,579.834
2024-11-12,585.1732,581.4745
2024-11-13,579.2772,576.6821
2024-11-14,573.6993,573.8584
2024-11-15,567.9523,550.9104
2024-11-18,553.8535,551.2286
2024-11-19,548.7031,557.8804
2024-11-20,559.7097,562.2849
2024-11-21,566.262,559.8688
2024-11-22,560.3263,555.9415
2024-11-25,558.8846,561.8774
2024-11-26,562.7622,570.2591
2024-11-27,571.6014,565.944
2024-11-29,565.745,571.0346
2024-12-02,574.1963,589.4387
2024-12-03,591.5964,610.1397
2024-12-04,609.4537,610.269
2024-12-05,613.55,605.4466
2024-12-06,606.6099,620.2018
2024-12-09,620.3509,610.0601
2024-12-10,614.0272,615.7772
2024-12-11,619.8039,629.0607
2024-12-12,627.8875,627.1816
2024-12-13,623.632,616.8013
2024-12-16,626.8815,621.1697
2024-12-17,623.0903,616.3934
2024-12-18,617.9457,594.2528
2024-12-19,607.3879,592.6408
2024-12-20,587.6753,582.3715
2024-12-23,586.7,596.8996
2024-12-24,599.7555,604.7608
2024-12-26,602.502,600.3824
2024-12-27,596.4618,596.8599
2024-12-30,585.8542,588.332
2024-12-31,589.357,582.6302
2025-01-02,586.8195,596.2927
2025-01-03,601.7856,601.6562
2025-01-06,608.8208,627.1005
2025-01-07,628.593,614.851
2025-01-08,610.3831,607.7162
2025-01-10,607.0297,612.8309
2025-01-13,604.114,605.338
2025-01-14,602.0941,591.3273
2025-01-15,607.2087,614.0847
2025-01-16,608.4924,608.2934
2025-01-17,620.9806,609.7561
2025-01-21,614.7913,613.428
2025-01-22,620.2343,620.4333
2025-01-23,624.2743,633.3196
2025-01-24,633.27,644.3054
2025-01-27,623.5281,656.6345
2025-01-28,662.7243,671.0134
2025-01-29,671.6801,673.1627
2025-01-30,693.3927,683.621
2025-01-31,687.6015,685.7904
2025-02-03,672.5855,694.0296
2025-02-04,699.0448,700.7265
2025-02-05,700.0896,701.4031
2025-02-06,702.4082,708.4882
2025-02-07,713.2745,711.0057
2025-02-10,715.0257,713.8715
2025-02-11,709.8116,716.2597
2025-02-12,711.7818,721.8123
2025-02-13,717.9713,724.9766
2025-02-14,722.5685,733.0467
2025-02-18,732.38,712.8466
2025-02-19,700.6369,700.3085
2025-02-20,693.8505,691.4225
2025-02-21,693.1539,680.1879
2025-02-24,682.9047,664.8439
2025-02-25,662.6944,654.2661
2025-02-26,656.4056,670.3865
2025-02-27,679.0934,655.0025
2025-02-28,654.8035,664.9136
2025-03-03,670.3665,651.8281
2025-03-04,642.3352,636.8523
2025-03-05,637.8473,653.2412
2025-03-06,644.8128,624.8416
2025-03-07,622.2941,622.5826
2025-03-10,605.0792,595.0488
2025-03-11,592.1233,602.7309
2025-03-12,626.8019,616.5128
2025-03-13,617.1993,587.7349
2025-03-14,600.3688,605.1494
2025-03-17,605.01,602.4603
2025-03-18,597.6299,580.0113
2025-03-19,581.9236,581.7044
2025-03-20,580.4097,583.6366
2025-03-21,581.0669,593.8452
2025-03-24,612.4896,616.354
2025-03-25,624.2322,623.784
2025-03-26,622.3697,608.5158
2025-03-27,599.572,600.1497
2025-03-28,597.8889,574.4139
2025-03-31,561.2273,574.0354
2025-04-01,568.5378,583.6366
2025-04-02,572.5913,581.5749
2025-04-03,544.017,529.4759
2025-04-04,504.5768,502.6944
2025-04-07,483.1435,514.1679
2025-04-08,541.059,508.3913
2025-04-09,507.216,583.4075
2025-04-10,573.169,544.0867
2025-04-11,533.3503,541.3777
2025-04-14,553.9268,529.3364
2025-04-15,529.9639,519.4166
2025-04-16,506.4591,500.2841
2025-04-17,503.2122,499.4575
2025-04-21,489.3484,482.7053
2025-04-22,489.8862,498.2623
2025-04-23,526.3984,518.1718
2025-04-24,516.6379,530.9998
2025-04-25,544.5947,545.0628
2025-04-28,553.3991,547.5229
2025-04-29,543.798,552.2039
2025-04-30,536.2286,546.7858
2025-05-01,589.6921,569.9022
2025-05-02,581.1069,594.6122
2025-05-05,588.8355,596.8531
2025-05-06,590.1403,584.9413
2025-05-07,587.979,594.403
2025-05-08,603.8448,595.5982
2025-05-09,601.2851,590.1004
2025-05-12,628.3754,636.8511
2025-05-13,642.9364,653.3842
2025-05-14,658.5433,656.7007
2025-05-15,651.6412,641.2831
2025-05-16,635.387,637.7574
2025-05-19,625.7162,637.847
2025-05-20,633.4449,634.5305
2025-05-21,629.2419,632.937
2025-05-22,631.4929,634.0027
2025-05-23,621.4834,624.5311
2025-05-27,632.8472,639.7294
2025-05-28,640.0083,640.9844
2025-05-29,649.0218,642.4484
2025-05-30,639.9087,644.8785
2025-06-02,641.7911,668.1942
2025-06-03,668.7419,664.1605
2025-06-04,666.6205,685.1754
2025-06-05,688.8705,681.8589
2025-06-06,693.3622,694.8961
2025-06-09,695.643,691.2607
2025-06-10,698.5213,699.5671
2025-06-11,700.8719,691.3405
2025-06-12,690.5038,690.5635
2025-06-13,685.1754,680.1158
2025-06-16,697.0454,699.8263
2025-06-17,699.7066,694.9522
2025-06-18,695.8992,693.4971
2025-06-20,698.4608,680.1209
2025-06-23,681.4565,696.248
2025-06-24,702.5872,709.8734
2025-06-25,710.9897,706.3649
2025-06-26,712.0264,723.7181
2025-06-27,724.1466,731.2334
2025-06-30,742.1177,735.6788
2025-07-01,734.4728,716.8704
2025-07-02,712.9932,711.239
2025-07-03,724.2363,716.6611
2025-07-07,715.2557,716.0032
2025-07-08,719.2128,718.3157
2025-07-09,720.3589,730.3861
2025-07-10,729.1601,724.8642
2025-07-11,720.1398,715.1661
2025-07-14,715.2557,718.5649
2025-07-15,721.5351,708.0693
2025-07-16,711.0396,700.6137
2025-07-17,702.0889,699.1186
2025-07-18,699.896,701.9792
2025-07-21,704.491,710.6409
2025-07-22,713.8503,702.5074
2025-07-23,704.0624,711.2488
2025-07-24,714.7076,712.4649
2025-07-25,714.5779,710.3517
2025-07-28,712.8635,715.2856
2025-07-29,717.6479,697.7133
2025-07-30,705.7768,692.9389
2025-07-31,772.6676,770.9133
2025-08-01,758.2448,747.5599
2025-08-04,757.5172,773.8337
2025-08-05,773.9135,760.9659
2025-08-06,767.4845,769.468
2025-08-07,770.9631,759.3412
2025-08-08,760.2582,766.7868
2025-08-11,767.5643,763.368
2025-08-12,770.4747,787.4192
2025-08-13,788.5655,777.5316
2025-08-14,775.3388,779.5749
2025-08-15,781.5884,782.6648
2025-08-18,772.558,764.8632
2025-08-19,764.6139,749.025
2025-08-20,745.1278,745.2773
2025-08-21,742.2772,736.6855
2025-08-22,736.8151,752.3242
2025-08-25,752.3542,750.8392
2025-08-26,748.3473,751.6365
2025-08-27,749.8424,744.9385
2025-08-28,741.5695,748.6562
2025-08-29,742.8453,736.2868
2025-09-02,723.6682,732.7086
2025-09-03,733.5956,734.6422
2025-09-04,746.1246,746.2043
2025-09-05,750.1613,749.9919
2025-09-08,753.5303,749.8423
2025-09-09,755.0154,763.1986
2025-09-10,762.6304,749.5234
2025-09-11,752.1847,748.447
2025-09-12,746.284,753.1216
2025-09-15,754.9955,762.2019
2025-09-16,764.4943,776.4551
2025-09-17,777.442,773.1859
2025-09-18,778.1995,777.7011
2025-09-19,783.8509,775.8372
2025-09-22,779.8218,763.175
2025-09-23,767.2545,753.4405
2025-09-24,755.5349,758.6867
2025-09-25,751.4955,746.9672
2025-09-26,748.0545,741.8207
2025-09-29,746.7778,741.4716
2025-09-30,740.3246,732.475
2025-10-01,719.6184,715.4792
2025-10-02,720.7056,725.164
2025-10-03,727.7373,708.7167
2025-10-06,703.3607,713.8035
2025-10-07,715.8581,711.2302
2025-10-08,711.5993,715.978
2025-10-09,716.4168,731.6072
2025-10-10,729.0239,703.4704
2025-10-13,711.1604,713.8434
2025-10-14,705.944,706.8117
2025-10-15,715.1999,715.6886
2025-10-16,715.6886,710.2228
2025-10-17,705.2458,715.0602
2025-10-20,719.3191,730.2706
2025-10-21,734.1108,731.3679
2025-10-22,731.9265,731.5075
2025-10-23,732.7941,732.0959
2025-10-24,734.8786,736.4446
2025-10-27,747.7851,748.8723
2025-10-28,750.6776,749.4907
2025-10-29,752.7921,749.72
2025-10-30,667.4142,664.7411
2025-10-31,672.7603,646.6682
2025-11-03,654.2983,636.0557
2025-11-04,626.4108,625.6927
2025-11-05,630.6697,634.3003
2025-11-06,634.2005,617.3344
2025-11-07,614.8908,620.0973
2025-11-10,629.453,630.1212
2025-11-11,626.3709,625.4533
2025-11-12,626.5006,607.4302
2025-11-13,611.4797,608.3079
2025-11-14,600.2289,607.879
2025-11-17,607.4601,600.4484
2025-11-18,590.0654,596.1396
2025-11-19,592.1798,588.7887
2025-11-20,601.9345,587.6217
2025-11-21,586.9734,592.7085
2025-11-24,597.1668,611.4597
2025-11-25,622.3812,634.5695
2025-11-26,636.0358,631.9664
2025-11-28,634.43,646.2692
2025-12-01,637.8909,639.2075
2025-12-02,640.6737,645.4213
2025-12-03,642.7383,637.9408
2025-12-04,674.2464,659.814
2025-12-05,662.2775,671.6731
2025-12-08,667.6037,665.0703
2025-12-09,662.0481,655.2558
2025-12-10,648.264,648.4435
2025-12-11,641.6212,651.0168
2025-12-12,648.1143,642.5587
2025-12-15,644.5503,646.3571
2025-12-16,642.3541,655.9799
2025-12-17,654.4426,648.3435
2025-12-18,655.8601,663.2669
2025-12-19,665.2333,657.597
2025-12-22,660.4718,660.3221
2025-12-23,658.8747,663.756
2025-12-24,661.3504,666.3614
2025-12-26,666.8704,662.1089
2025-12-29,656.8384,657.5172
2025-12-30,657.5171,664.7642
